SucursalTaller,Marca,Modelo,DiasReparacion,CostoTTRep,Severidad,Segmento,Color,NombreTipoVehiculo,NombreCausaStro
BOGOTÁ,MERCEDES BENZ,2016,31 a 60, Alto ,Medio,Liviano,BLANCO,AUTOMOVIL,OBSTACULOS EN LA VIA
BOGOTÁ,NISSAN,2016,61 a 120, Alto ,Fuerte,Liviano,NEGRO,AUTOMOVIL,ESTADO DE EMBRIAGUEZ
MEDELLÍN,FORD,2019,61 a 120, Alto ,Fuerte,Liviano,NEGRO,CAMPERO,FALLA MECANICA
BOGOTÁ,INTERNATIONAL,2012,31 a 60, Alto ,Fuerte,Pesado,OTROS,REMOLCADOR,OBSTACULOS EN LA VIA
BARRANQUILLA,CHEVROLET,2018,31 a 60, Alto ,Fuerte,Liviano,GRIS,CAMPERO,OBSTACULOS EN LA VIA
MEDELLÍN,AUDI,2015,16 a 30, Alto ,Fuerte,Liviano,BLANCO,CAMPERO,VIOLACION DE NORMAS DE TRANSITO
BARRANQUILLA,TOYOTA,2019,61 a 120, Alto ,Fuerte,Liviano,BLANCO,AUTOMOVIL,DISTRACCION DEL CONDUCTOR
BOGOTÁ,NISSAN,2020,61 a 120, Alto ,Fuerte,Liviano,BLANCO,PICKUP DOBLE CABINA,OBSTACULOS EN LA VIA
BUCARAMANGA,INTERNATIONAL,2012,31 a 60, Alto ,Fuerte,Pesado,BLANCO,VOLQUETA,DISTRACCION DEL CONDUCTOR
MEDELLÍN,FORD,2018,61 a 120, Alto ,Fuerte,Liviano,GRIS,PICKUP DOBLE CABINA,INUNDACION
BUCARAMANGA,KENWORTH,2020,0 a 15, Alto ,Fuerte,Pesado,AMARILLO,REMOLCADOR,DISTRACCION DEL CONDUCTOR
MEDELLÍN,FREIGHTLINER,2012,31 a 60, Alto ,Fuerte,Pesado,AZUL,REMOLCADOR,DISTRACCION DEL CONDUCTOR
BUCARAMANGA,MERCEDES BENZ,2019,16 a 30, Alto ,Medio,Liviano,PLATA,AUTOMOVIL,DISTRACCION DEL CONDUCTOR
PEREIRA,AUDI,2016,31 a 60, Alto ,Fuerte,Liviano,GRIS,AUTOMOVIL,OBSTACULOS EN LA VIA
BARRANQUILLA,SUZUKI,2021,61 a 120, Alto ,Medio,Liviano,PLATA,AUTOMOVIL,DISTRACCION DEL CONDUCTOR
PEREIRA,HONDA,2014,31 a 60, Alto ,Medio,Liviano,AMARILLO,REMOLCADOR,VIOLACION DE NORMAS DE TRANSITO
BOGOTÁ,FREIGHTLINER,2013,31 a 60, Alto ,Fuerte,Pesado,BLANCO,REMOLCADOR,OBSTACULOS EN LA VIA
BOGOTÁ,HINO,2011,61 a 120, Alto ,Fuerte,Pesado,BLANCO,CARROTANQUE,DISTRACCION DEL CONDUCTOR
BOGOTÁ,INTERNATIONAL,2012,31 a 60, Alto ,Medio,Pesado,ROJO,REMOLCADOR,VIOLACION DE NORMAS DE TRANSITO
BUCARAMANGA,AUDI,2018,0 a 15, Alto ,Medio,Liviano,GRIS,CAMPERO,DISTRACCION DEL CONDUCTOR
BOGOTÁ,CHEVROLET,2017,31 a 60, Alto ,Fuerte,Liviano,OTROS,REMOLCADOR,DISTRACCION DEL CONDUCTOR
BOGOTÁ,TOYOTA,2019,61 a 120, Alto ,Fuerte,Liviano,AZUL,VOLQUETA,DISTRACCION DEL CONDUCTOR
BOGOTÁ,KENWORTH,2012,31 a 60, Alto ,Fuerte,Pesado,AZUL,CAMION,FALLA MECANICA
MEDELLÍN,FREIGHTLINER,2012,31 a 60, Alto ,Fuerte,Pesado,ROJO,CAMION,OBSTACULOS EN LA VIA
BOGOTÁ,MINI,2019,61 a 120, Alto ,Fuerte,Liviano,PLATA,AUTOMOVIL,VIOLACION DE NORMAS DE TRANSITO
BOGOTÁ,FREIGHTLINER,2007,31 a 60, Alto ,Fuerte,Pesado,BLANCO,CAMION,VIOLACION DE NORMAS DE TRANSITO
CALI,INTERNATIONAL,2012,61 a 120, Alto ,Fuerte,Pesado,BLANCO,REMOLCADOR,OBSTACULOS EN LA VIA
MEDELLÍN,FREIGHTLINER,2009,31 a 60, Alto ,Fuerte,Pesado,VERDE,CAMION,FALLA MECANICA
CALI,HONDA,2014,61 a 120, Alto ,Fuerte,Liviano,NO REGISTRA,AUTOMOVIL,OBSTACULOS EN LA VIA
BUCARAMANGA,SEAT,2020,31 a 60, Alto ,Fuerte,Liviano,BLANCO,CAMIONETA PASAJEROS,OBSTACULOS EN LA VIA
MEDELLÍN,VOLKSWAGEN,2011,241 a 480, Alto ,Fuerte,Liviano,NEGRO,CAMPERO,DISTRACCION DEL CONDUCTOR
BARRANQUILLA,KENWORTH,2015,31 a 60, Alto ,Fuerte,Pesado,BLANCO,VOLQUETA,DISTRACCION DEL CONDUCTOR
BARRANQUILLA,CHEVROLET,2020,61 a 120, Alto ,Fuerte,Pesado,BLANCO,FURGON,OBSTACULOS EN LA VIA
BOGOTÁ,KENWORTH,2010,61 a 120, Alto ,Fuerte,Pesado,NARANJA,REMOLCADOR,OBSTACULOS EN LA VIA
PEREIRA,INTERNATIONAL,2015,121 a 240, Alto ,Fuerte,Pesado,AMARILLO,CAMION,DISTRACCION DEL CONDUCTOR
BARRANQUILLA,AUDI,2014,0 a 15, Alto ,Fuerte,Liviano,BLANCO,AUTOMOVIL,OBSTACULOS EN LA VIA
BUCARAMANGA,SUZUKI,2021,31 a 60, Alto ,Fuerte,Liviano,GRIS,CAMIONETA PASAJEROS,OBSTACULOS EN LA VIA
BOGOTÁ,FREIGHTLINER,2020,121 a 240, Alto ,Fuerte,Pesado,BLANCO,REMOLCADOR,OBSTACULOS EN LA VIA
BOGOTÁ,KENWORTH,2012,31 a 60, Alto ,Fuerte,Pesado,VERDE,REMOLCADOR,VIOLACION DE NORMAS DE TRANSITO
MEDELLÍN,HINO,2021,121 a 240, Alto ,Fuerte,Pesado,ROJO,AUTOMOVIL,OBSTACULOS EN LA VIA
CALI,FORD,2012,61 a 120, Alto ,Leve,Liviano,BLANCO,AUTOMOVIL,VIOLACION DE NORMAS DE TRANSITO
MEDELLÍN,FORD,2014,31 a 60, Alto ,Fuerte,Liviano,PLATA,CAMPERO,VIOLACION DE NORMAS DE TRANSITO
BOGOTÁ,KIA,2019,31 a 60, Alto ,Medio,Liviano,GRIS,AUTOMOVIL,VIOLACION DE NORMAS DE TRANSITO
PEREIRA,AUDI,2012,31 a 60, Alto ,Fuerte,Liviano,NEGRO,CAMIONETA PASAJEROS,OBSTACULOS EN LA VIA
BOGOTÁ,CHEVROLET,2007,31 a 60, Alto ,Fuerte,Pesado,ROJO,CAMION,OBSTACULOS EN LA VIA
CALI,RENAULT,2019,61 a 120, Alto ,Medio,Liviano,BLANCO,CAMION,DISTRACCION DEL CONDUCTOR
BARRANQUILLA,CHEVROLET,2012,121 a 240, Alto ,Leve,Pesado,BLANCO,CAMION,OBSTACULOS EN LA VIA
CALI,NISSAN,2017,31 a 60, Alto ,Fuerte,Liviano,VERDE,REMOLCADOR,OBSTACULOS EN LA VIA
CALI,CHEVROLET,2014,31 a 60, Alto ,Medio,Liviano,ROJO,CAMIONETA PASAJEROS,OBSTACULOS EN LA VIA
CALI,CHEVROLET,2018,61 a 120, Alto ,Fuerte,Liviano,GRIS,AUTOMOVIL,VIOLACION DE NORMAS DE TRANSITO
BOGOTÁ,CHEVROLET,2012,61 a 120, Alto ,Fuerte,Pesado,BLANCO,FURGON,OBSTACULOS EN LA VIA
MEDELLÍN,KENWORTH,2016,16 a 30, Alto ,Fuerte,Pesado,BLANCO,VOLQUETA,DISTRACCION DEL CONDUCTOR
MANIZALES,FORD,2014,61 a 120, Alto ,Fuerte,Liviano,GRIS,AUTOMOVIL,OBSTACULOS EN LA VIA
BOGOTÁ,HINO,2020,121 a 240, Alto ,Medio,Pesado,BLANCO,CAMION,OBSTACULOS EN LA VIA
CALI,CHEVROLET,2020,121 a 240, Alto ,Fuerte,Liviano,GRIS,PICKUP DOBLE CABINA,OBSTACULOS EN LA VIA
BOGOTÁ,KIA,2021,31 a 60, Alto ,Fuerte,Liviano,NEGRO,AUTOMOVIL,OBSTACULOS EN LA VIA
MEDELLÍN,HINO,2021,61 a 120, Alto ,Leve,Pesado,BLANCO,REMOLCADOR,OBSTACULOS EN LA VIA
BOGOTÁ,NISSAN,2018,31 a 60, Alto ,Fuerte,Liviano,BLANCO,PICKUP DOBLE CABINA,DISTRACCION DEL CONDUCTOR
MEDELLÍN,INTERNATIONAL,2006,16 a 30, Alto ,Fuerte,Pesado,PLATA,CAMIONETA PASAJEROS,HURTO - HALADO
BOGOTÁ,KENWORTH,2007,31 a 60, Alto ,Fuerte,Pesado,AZUL,REMOLCADOR,OBSTACULOS EN LA VIA
BOGOTÁ,INTERNATIONAL,2004,31 a 60, Alto ,Medio,Pesado,BLANCO,CAMION,OBSTACULOS EN LA VIA
BOGOTÁ,KIA,2015,61 a 120, Alto ,Medio,Liviano,GRIS,CAMPERO,VIOLACION DE NORMAS DE TRANSITO
BOGOTÁ,AUDI,2018,61 a 120, Alto ,Medio,Liviano,OTROS,REMOLCADOR,OBSTACULOS EN LA VIA
BOGOTÁ,VOLKSWAGEN,2012,31 a 60, Alto ,Fuerte,Liviano,BLANCO,PICKUP DOBLE CABINA,HURTO - ACCESORIOS Y/O PARTES
BOGOTÁ,NISSAN,2016,61 a 120, Alto ,Fuerte,Liviano,AZUL,AUTOMOVIL,DISTRACCION DEL CONDUCTOR
MEDELLÍN,FOTON         ,2019,61 a 120, Alto ,Fuerte,Pesado,BLANCO,FURGON,DISTRACCION DEL CONDUCTOR
CALI,MERCEDES BENZ,2011,61 a 120, Alto ,Fuerte,Liviano,PLATA,AUTOMOVIL,OBSTACULOS EN LA VIA
BARRANQUILLA,CHEVROLET,2020,61 a 120, Alto ,Fuerte,Liviano,ROJO,AUTOMOVIL,DISTRACCION DEL CONDUCTOR
MEDELLÍN,HONDA,2012,61 a 120, Alto ,Fuerte,Liviano,GRIS,CAMIONETA PASAJEROS,DISTRACCION DEL CONDUCTOR
MEDELLÍN,KIA,2011,61 a 120, Alto ,Medio,Liviano,PLATA,CAMPERO,DISTRACCION DEL CONDUCTOR
MEDELLÍN,MAZDA,2017,121 a 240, Alto ,Fuerte,Liviano,ROJO,CAMIONETA PASAJEROS,OBSTACULOS EN LA VIA
CALI,KIA,2018,61 a 120, Alto ,Medio,Liviano,PLATA,AUTOMOVIL,DISTRACCION DEL CONDUCTOR
BUCARAMANGA,OTROS,2020,121 a 240, Alto ,Fuerte,Liviano,BLANCO,FURGON,OBSTACULOS EN LA VIA
BOGOTÁ,KENWORTH,2015,31 a 60, Alto ,Fuerte,Pesado,BLANCO,CAMPERO,OBSTACULOS EN LA VIA
CALI,MAZDA,2021,31 a 60, Alto ,Fuerte,Liviano,BLANCO,AUTOMOVIL,DISTRACCION DEL CONDUCTOR
BOGOTÁ,SCANIA,2020,61 a 120, Alto ,Fuerte,Pesado,BLANCO,CHASIS,DISTRACCION DEL CONDUCTOR
BOGOTÁ,INTERNATIONAL,2012,31 a 60, Alto ,Fuerte,Pesado,BLANCO,REMOLCADOR,FALLA MECANICA
BARRANQUILLA,FORD,2014,31 a 60, Alto ,Medio,Liviano,BLANCO,CAMPERO,DISTRACCION DEL CONDUCTOR
BUCARAMANGA,KENWORTH,2012,31 a 60, Alto ,Fuerte,Pesado,BLANCO,VOLQUETA,FALLA MECANICA
BOGOTÁ,CHEVROLET,2009,61 a 120, Alto ,Medio,Pesado,AZUL,FURGON,OBSTACULOS EN LA VIA
BOGOTÁ,FREIGHTLINER,2015,61 a 120, Alto ,Fuerte,Pesado,BLANCO,REMOLCADOR,OBSTACULOS EN LA VIA
CALI,CHEVROLET,2021,61 a 120, Alto ,Fuerte,Pesado,BLANCO,CAMION,VIOLACION DE NORMAS DE TRANSITO
BOGOTÁ,CHEVROLET,2019,481 a 600, Alto ,Fuerte,Pesado,BLANCO,CHASIS,DISTRACCION DEL CONDUCTOR
BOGOTÁ,KENWORTH,2014,16 a 30, Alto ,Medio,Pesado,BEIGE,CAMPERO,OBSTACULOS EN LA VIA
MEDELLÍN,NISSAN,2019,61 a 120, Alto ,Fuerte,Liviano,BLANCO,PICKUP DOBLE CABINA,DISTRACCION DEL CONDUCTOR
CALI,CHEVROLET,2020,121 a 240, Alto ,Fuerte,Pesado,BLANCO,CAMION,VIOLACION DE NORMAS DE TRANSITO
MANIZALES,HYUNDAI,2021,16 a 30, Alto ,Leve,Liviano,CAFE,AUTOMOVIL,DISTRACCION DEL CONDUCTOR
BOGOTÁ,TOYOTA,2019,31 a 60, Alto ,Medio,Liviano,BLANCO,VOLQUETA,DISTRACCION DEL CONDUCTOR
MEDELLÍN,BMW,2007,31 a 60, Alto ,Fuerte,Liviano,AZUL,CAMPERO,DISTRACCION DEL CONDUCTOR
MEDELLÍN,CHEVROLET,2016,31 a 60, Alto ,Fuerte,Liviano,BLANCO,CAMIONETA PASAJEROS,DISTRACCION DEL CONDUCTOR
BUCARAMANGA,NISSAN,2009,31 a 60, Alto ,Medio,Liviano,PLATA,PICKUP DOBLE CABINA,FALLA MECANICA
BUCARAMANGA,KENWORTH,2013,16 a 30, Alto ,Medio,Pesado,ROJO,REMOLCADOR,OBSTACULOS EN LA VIA
BOGOTÁ,FORD,2016,31 a 60, Alto ,Fuerte,Liviano,GRIS,AUTOMOVIL,VIOLACION DE NORMAS DE TRANSITO
BUCARAMANGA,CHEVROLET,2015,31 a 60, Alto ,Leve,Pesado,GRIS,AUTOMOVIL,VIOLACION DE NORMAS DE TRANSITO
MEDELLÍN,DODGE,2016,121 a 240, Alto ,Fuerte,Liviano,GRIS,CAMIONETA PASAJEROS,OBSTACULOS EN LA VIA
BARRANQUILLA,RENAULT,2020,31 a 60, Alto ,Fuerte,Liviano,BLANCO,PICKUP DOBLE CABINA,DISTRACCION DEL CONDUCTOR
MANIZALES,TOYOTA,2021,61 a 120, Alto ,Fuerte,Liviano,PLATA,PICKUP DOBLE CABINA,ENCONTRADO DAÑADO
MEDELLÍN,RENAULT,2018,31 a 60, Alto ,Fuerte,Liviano,ROJO,AUTOMOVIL,EXCESO DE VELOCIDAD
BOGOTÁ,BMW,2016,121 a 240, Alto ,Fuerte,Liviano,AZUL,CAMPERO,OBSTACULOS EN LA VIA
BOGOTÁ,KENWORTH,2020,31 a 60, Alto ,Fuerte,Pesado,BLANCO,CHASIS,OBSTACULOS EN LA VIA
PEREIRA,CHEVROLET,2020,61 a 120, Alto ,Fuerte,Pesado,BLANCO,FURGON,FALLA MECANICA
BOGOTÁ,CHEVROLET,2021,121 a 240, Alto ,Fuerte,Pesado,BLANCO,CAMION,OBSTACULOS EN LA VIA
BOGOTÁ,KENWORTH,2012,61 a 120, Alto ,Fuerte,Pesado,AMARILLO,REMOLCADOR,OBSTACULOS EN LA VIA
BARRANQUILLA,CHEVROLET,2016,61 a 120, Alto ,Fuerte,Liviano,PLATA,CAMPERO,VIOLACION DE NORMAS DE TRANSITO
BOGOTÁ,TOYOTA,2015,61 a 120, Alto ,Fuerte,Liviano,SUPER,PICKUP DOBLE CABINA,OBSTACULOS EN LA VIA
BOGOTÁ,MITSUBISHI,2015,61 a 120, Alto ,Fuerte,Liviano,NEGRO,CAMPERO,OBSTACULOS EN LA VIA
MEDELLÍN,CHEVROLET,2017,61 a 120, Alto ,Fuerte,Pesado,BLANCO,FURGON,DISTRACCION DEL CONDUCTOR
MANIZALES,KIA,2012,121 a 240, Alto ,Medio,Liviano,GRIS,CAMIONETA PASAJEROS,OBSTACULOS EN LA VIA
BOGOTÁ,HINO,2007,31 a 60, Alto ,Medio,Pesado,BLANCO,FURGON,HURTO - ACCESORIOS Y/O PARTES
BOGOTÁ,KENWORTH,2013,31 a 60, Alto ,Fuerte,Pesado,NARANJA,REMOLCADOR,OBSTACULOS EN LA VIA
MEDELLÍN,INTERNATIONAL,2007,31 a 60, Alto ,Fuerte,Pesado,BLANCO,CHASIS,DISTRACCION DEL CONDUCTOR
BARRANQUILLA,CHEVROLET,2021,31 a 60, Alto ,Fuerte,Pesado,BLANCO,FURGON,DISTRACCION DEL CONDUCTOR
CALI,BMW,2014,121 a 240, Alto ,Medio,Liviano,BLANCO,AUTOMOVIL,DISTRACCION DEL CONDUCTOR
BARRANQUILLA,FREIGHTLINER,2011,61 a 120, Alto ,Fuerte,Pesado,AMARILLO,REMOLCADOR,OBSTACULOS EN LA VIA
MEDELLÍN,KENWORTH,2007,61 a 120, Alto ,Fuerte,Pesado,ROJO,REMOLCADOR,OBSTACULOS EN LA VIA
MEDELLÍN,KIA,2015,61 a 120, Alto ,Fuerte,Liviano,GRIS,CAMPERO,VIOLACION DE NORMAS DE TRANSITO
MANIZALES,DODGE,2014,61 a 120, Alto ,Fuerte,Liviano,NEGRO,CAMIONETA PASAJEROS,FALLA MECANICA
BOGOTÁ,KENWORTH,2008,31 a 60, Alto ,Fuerte,Pesado,ROJO,CAMION,OBSTACULOS EN LA VIA
BARRANQUILLA,CHEVROLET,2019,61 a 120, Alto ,Fuerte,Liviano,ROJO,AUTOMOVIL,OBSTACULOS EN LA VIA
BOGOTÁ,INTERNATIONAL,2011,31 a 60, Alto ,Medio,Pesado,BLANCO,VOLQUETA,OBSTACULOS EN LA VIA
CALI,HYUNDAI,2017,121 a 240, Alto ,Fuerte,Liviano,BLANCO,AUTOMOVIL,DISTRACCION DEL CONDUCTOR
BOGOTÁ,MAZDA,2016,31 a 60, Alto ,Fuerte,Liviano,BLANCO,AUTOMOVIL,OBSTACULOS EN LA VIA
BOGOTÁ,FREIGHTLINER,2012,31 a 60, Alto ,Fuerte,Pesado,BLANCO,REMOLCADOR,OBSTACULOS EN LA VIA
BOGOTÁ,INTERNATIONAL,2006,31 a 60, Alto ,Fuerte,Pesado,ROJO,REMOLCADOR,OBSTACULOS EN LA VIA
BOGOTÁ,KENWORTH,2008,31 a 60, Alto ,Fuerte,Pesado,BLANCO,CAMION,DISTRACCION DEL CONDUCTOR
BOGOTÁ,CHEVROLET,2009,31 a 60, Alto ,Fuerte,Pesado,AZUL,CAMION,OBSTACULOS EN LA VIA
BOGOTÁ,RENAULT,2017,61 a 120, Alto ,Fuerte,Liviano,GRIS,PICKUP DOBLE CABINA,DISTRACCION DEL CONDUCTOR
MEDELLÍN,RENAULT,2017,16 a 30, Alto ,Medio,Liviano,GRIS,CAMIONETA PASAJEROS,DISTRACCION DEL CONDUCTOR
BARRANQUILLA,CHEVROLET,2015,121 a 240, Alto ,Fuerte,Pesado,BLANCO,CHASIS,DISTRACCION DEL CONDUCTOR
BOGOTÁ,HINO,2017,61 a 120, Alto ,Fuerte,Pesado,BLANCO,CAMION,DISTRACCION DEL CONDUCTOR
BARRANQUILLA,VOLVO,2020,31 a 60, Alto ,Medio,Liviano,GRIS,CAMIONETA PASAJEROS,DISTRACCION DEL CONDUCTOR
BOGOTÁ,SSANGYONG,2015,121 a 240, Alto ,Fuerte,Liviano,GRIS,CAMIONETA PASAJEROS,HURTO - ACCESORIOS Y/O PARTES
BARRANQUILLA,MAZDA,2016,16 a 30, Alto ,Medio,Liviano,BLANCO,FURGON,DISTRACCION DEL CONDUCTOR
BOGOTÁ,SEAT,2014,61 a 120, Alto ,Fuerte,Liviano,ROJO,REMOLCADOR,DISTRACCION DEL CONDUCTOR
CALI,KIA,2020,61 a 120, Alto ,Medio,Liviano,GRIS,AUTOMOVIL,DISTRACCION DEL CONDUCTOR
BUCARAMANGA,CHEVROLET,2020,31 a 60, Alto ,Leve,Pesado,BLANCO,FURGON,OBSTACULOS EN LA VIA
BOGOTÁ,CHEVROLET,2021,121 a 240, Alto ,Fuerte,Liviano,ROJO,AUTOMOVIL,DISTRACCION DEL CONDUCTOR
MANIZALES,AUDI,2019,31 a 60, Alto ,Fuerte,Liviano,GRIS,CAMIONETA PASAJEROS,DISTRACCION DEL CONDUCTOR
BARRANQUILLA,BMW,2015,61 a 120, Alto ,Medio,Liviano,PLATA,AUTOMOVIL,VIOLACION DE NORMAS DE TRANSITO
MANIZALES,SUBARU,2020,31 a 60, Alto ,Medio,Liviano,PLATA,CAMPERO,DISTRACCION DEL CONDUCTOR
PEREIRA,CHEVROLET,2013,121 a 240, Alto ,Fuerte,Pesado,BLANCO,CAMION,OBSTACULOS EN LA VIA
BARRANQUILLA,CHEVROLET,2019,31 a 60, Alto ,Fuerte,Liviano,GRIS,AUTOMOVIL,VIOLACION DE NORMAS DE TRANSITO
BUCARAMANGA,KENWORTH,2012,16 a 30, Alto ,Fuerte,Pesado,AMARILLO,REMOLCADOR,VIOLACION DE NORMAS DE TRANSITO
CALI,INTERNATIONAL,2013,61 a 120, Alto ,Fuerte,Pesado,ROJO,REMOLCADOR,OBSTACULOS EN LA VIA
BOGOTÁ,HINO,2021,61 a 120, Alto ,Fuerte,Pesado,BLANCO,FURGON,OBSTACULOS EN LA VIA
MEDELLÍN,KENWORTH,2007,16 a 30, Alto ,Fuerte,Pesado,ROJO,REMOLCADOR,DISTRACCION DEL CONDUCTOR
MANIZALES,JEEP ,2011,121 a 240, Alto ,Fuerte,Liviano,NEGRO,CAMPERO,DISTRACCION DEL CONDUCTOR
BOGOTÁ,SUZUKI,2014,31 a 60, Alto ,Medio,Liviano,ROJO,CAMPERO,HURTO - ACCESORIOS Y/O PARTES
BOGOTÁ,SSANGYONG,2014,61 a 120, Alto ,Fuerte,Liviano,GRIS,PICKUP DOBLE CABINA,VIOLACION DE NORMAS DE TRANSITO
MEDELLÍN,KENWORTH,2007,61 a 120, Alto ,Fuerte,Pesado,VERDE,REMOLCADOR,DAÑOS POR GRANIZO
BOGOTÁ,FUSO          ,2021,121 a 240, Alto ,Fuerte,Pesado,ROJO,VOLQUETA,DISTRACCION DEL CONDUCTOR
BOGOTÁ,KENWORTH,2008,31 a 60, Alto ,Fuerte,Pesado,ROJO,REMOLCADOR,OBSTACULOS EN LA VIA
BOGOTÁ,FORD,2013,31 a 60, Alto ,Fuerte,Liviano,GRIS,AUTOMOVIL,OBSTACULOS EN LA VIA
BOGOTÁ,FORD,2014,16 a 30, Alto ,Leve,Liviano,NEGRO,CAMPERO,OBSTACULOS EN LA VIA
BARRANQUILLA,TOYOTA,2019,61 a 120, Alto ,Fuerte,Liviano,GRIS,CAMPERO,VIOLACION DE NORMAS DE TRANSITO
BOGOTÁ,BMW,2017,61 a 120, Alto ,Medio,Liviano,BLANCO,FURGON,OBSTACULOS EN LA VIA
BOGOTÁ,INTERNATIONAL,2008,31 a 60, Alto ,Fuerte,Pesado,BLANCO,REMOLCADOR,VIOLACION DE NORMAS DE TRANSITO
BOGOTÁ,CHEVROLET,2018,31 a 60, Alto ,Medio,Pesado,BLANCO,FURGON,DISTRACCION DEL CONDUCTOR
CALI,MERCEDES BENZ,2017,61 a 120, Alto ,Medio,Liviano,GRIS,AUTOMOVIL,DISTRACCION DEL CONDUCTOR
MEDELLÍN,CHEVROLET,2018,121 a 240, Alto ,Leve,Pesado,BLANCO,FURGON,DISTRACCION DEL CONDUCTOR
BOGOTÁ,FREIGHTLINER,2013,31 a 60, Alto ,Fuerte,Pesado,BLANCO,REMOLCADOR,OBSTACULOS EN LA VIA
BUCARAMANGA,NISSAN,2019,16 a 30, Alto ,Fuerte,Liviano,BLANCO,PICKUP DOBLE CABINA,DISTRACCION DEL CONDUCTOR
CALI,BMW,2019,61 a 120, Alto ,Fuerte,Liviano,BLANCO,CAMPERO,DISTRACCION DEL CONDUCTOR
MEDELLÍN,CHEVROLET,2019,61 a 120, Alto ,Fuerte,Liviano,PLATA,AUTOMOVIL,DISTRACCION DEL CONDUCTOR
BOGOTÁ,KIA,2013,61 a 120, Alto ,Medio,Liviano,AZUL,AUTOMOVIL,OBSTACULOS EN LA VIA
BARRANQUILLA,INTERNATIONAL,2013,31 a 60, Alto ,Fuerte,Pesado,AZUL,REMOLCADOR,DISTRACCION DEL CONDUCTOR
MEDELLÍN,CHEVROLET,2019,61 a 120, Alto ,Fuerte,Pesado,BLANCO,CHASIS,DISTRACCION DEL CONDUCTOR
BARRANQUILLA,CHEVROLET,2019,31 a 60, Alto ,Fuerte,Pesado,BLANCO,FURGON,OBSTACULOS EN LA VIA
BUCARAMANGA,MERCEDES BENZ,2017,31 a 60, Alto ,Medio,Liviano,PLATA,CAMIONETA PASAJEROS,OBSTACULOS EN LA VIA
BARRANQUILLA,CHEVROLET,2017,61 a 120, Alto ,Fuerte,Pesado,BLANCO,FURGON,DISTRACCION DEL CONDUCTOR
BOGOTÁ,SUZUKI,2018,31 a 60, Alto ,Fuerte,Liviano,PLATA,CAMIONETA PASAJEROS,OBSTACULOS EN LA VIA
BOGOTÁ,BMW,2019,61 a 120, Alto ,Medio,Liviano,ROJO,AUTOMOVIL,OBSTACULOS EN LA VIA
MANIZALES,RENAULT,2017,61 a 120, Alto ,Fuerte,Liviano,BLANCO,CAMPERO,DISTRACCION DEL CONDUCTOR
MEDELLÍN,BMW,2015,61 a 120, Alto ,Medio,Liviano,BLANCO,AUTOMOVIL,DISTRACCION DEL CONDUCTOR
MEDELLÍN,DODGE,2013,31 a 60, Alto ,Medio,Liviano,PLATEADO,CAMIONETA PASAJEROS,VIOLACION DE NORMAS DE TRANSITO
BOGOTÁ,KENWORTH,2020,31 a 60, Alto ,Fuerte,Pesado,BLANCO,REMOLCADOR,OBSTACULOS EN LA VIA
BARRANQUILLA,CHEVROLET,2020,61 a 120, Alto ,Medio,Liviano,PLATA,CAMIONETA PASAJEROS,DISTRACCION DEL CONDUCTOR
BOGOTÁ,SCANIA,2020,31 a 60, Alto ,Fuerte,Pesado,BLANCO,CHASIS,DISTRACCION DEL CONDUCTOR
MEDELLÍN,KENWORTH,2015,61 a 120, Alto ,Fuerte,Pesado,BLANCO,VOLQUETA,OBSTACULOS EN LA VIA
BARRANQUILLA,CHEVROLET,2004,31 a 60, Alto ,Fuerte,Pesado,BLANCO,FURGON,VIOLACION DE NORMAS DE TRANSITO
BOGOTÁ,HINO,2020,61 a 120, Alto ,Medio,Pesado,GRIS,AUTOMOVIL,VIOLACION DE NORMAS DE TRANSITO
MEDELLÍN,TOYOTA,2015,31 a 60, Alto ,Fuerte,Liviano,GRIS,CAMIONETA PASAJEROS,FALLA MECANICA
BUCARAMANGA,CHEVROLET,2019,61 a 120, Alto ,Medio,Liviano,BLANCO,AUTOMOVIL,DISTRACCION DEL CONDUCTOR
BUCARAMANGA,FORD,2013,31 a 60, Alto ,Medio,Liviano,BLANCO,CAMPERO,DISTRACCION DEL CONDUCTOR
BOGOTÁ,VOLVO,2017,31 a 60, Alto ,Fuerte,Liviano,NEGRO,CAMPERO,VIOLACION DE NORMAS DE TRANSITO
PEREIRA,KENWORTH,2014,0 a 15, Alto ,Leve,Pesado,VERDE,REMOLCADOR,OBSTACULOS EN LA VIA
BOGOTÁ,CHEVROLET,2018,121 a 240, Alto ,Fuerte,Liviano,PLATA,AUTOMOVIL,DISTRACCION DEL CONDUCTOR
MEDELLÍN,NISSAN,2019,61 a 120, Alto ,Medio,Liviano,BLANCO,CAMPERO,DISTRACCION DEL CONDUCTOR
BOGOTÁ,CHEVROLET,2019,31 a 60, Alto ,Fuerte,Liviano,GRIS,AUTOMOVIL,OBSTACULOS EN LA VIA
BARRANQUILLA,RENAULT,2020,61 a 120, Alto ,Fuerte,Liviano,ROJO,PICKUP DOBLE CABINA,DISTRACCION DEL CONDUCTOR
BARRANQUILLA,CHEVROLET,2017,31 a 60, Alto ,Fuerte,Liviano,BLANCO,FURGON,VIOLACION DE NORMAS DE TRANSITO
BARRANQUILLA,HONDA,2020,16 a 30, Alto ,Fuerte,Liviano,ACERO,CAMIONETA PASAJEROS,VIOLACION DE NORMAS DE TRANSITO
BARRANQUILLA,KIA,2020,31 a 60, Alto ,Fuerte,Liviano,GRIS,AUTOMOVIL,OBSTACULOS EN LA VIA
BOGOTÁ,KENWORTH,2015,16 a 30, Alto ,Fuerte,Pesado,BLANCO,REMOLCADOR,VIOLACION DE NORMAS DE TRANSITO
BOGOTÁ,VOLKSWAGEN,2020,31 a 60, Alto ,Fuerte,Liviano,BLANCO,PICKUP DOBLE CABINA,DISTRACCION DEL CONDUCTOR
BOGOTÁ,HONDA,2014,0 a 15, Alto ,Fuerte,Liviano,BLANCO,CAMION,DISTRACCION DEL CONDUCTOR
BOGOTÁ,FOTON         ,2020,61 a 120, Alto ,Fuerte,Pesado,BLANCO,FURGON,DISTRACCION DEL CONDUCTOR
CALI,TOYOTA,2008,61 a 120, Alto ,Fuerte,Liviano,GRIS,CAMPERO,OBSTACULOS EN LA VIA
MEDELLÍN,CHEVROLET,2015,31 a 60, Alto ,Fuerte,Pesado,BLANCO,FURGON,DISTRACCION DEL CONDUCTOR
MEDELLÍN,KENWORTH,2012,61 a 120, Alto ,Fuerte,Pesado,GRIS,AUTOMOVIL,HURTO - HALADO
BOGOTÁ,INTERNATIONAL,2009,61 a 120, Alto ,Medio,Pesado,ROJO,REMOLCADOR,OBSTACULOS EN LA VIA
BARRANQUILLA,HYUNDAI,2016,61 a 120, Alto ,Fuerte,Liviano,ROJO,CAMIONETA PASAJEROS,OBSTACULOS EN LA VIA
MEDELLÍN,CHEVROLET,2013,61 a 120, Alto ,Fuerte,Pesado,BLANCO,FURGON,DISTRACCION DEL CONDUCTOR
BOGOTÁ,KENWORTH,2020,31 a 60, Alto ,Fuerte,Pesado,BLANCO,REMOLCADOR,DISTRACCION DEL CONDUCTOR
MANIZALES,SUBARU,2020,61 a 120, Alto ,Medio,Liviano,BRONCE,CAMPERO,DISTRACCION DEL CONDUCTOR
MEDELLÍN,CHEVROLET,2012,31 a 60, Alto ,Fuerte,Liviano,BLANCO,CAMIONETA PASAJEROS,DISTRACCION DEL CONDUCTOR
MANIZALES,CHEVROLET,2018,61 a 120, Alto ,Fuerte,Liviano,NO REGISTRA,AUTOMOVIL,EXCESO DE VELOCIDAD
MEDELLÍN,RENAULT,2017,31 a 60, Alto ,Fuerte,Liviano,GRIS,PICKUP DOBLE CABINA,DISTRACCION DEL CONDUCTOR
BOGOTÁ,INTERNATIONAL,2012,31 a 60, Alto ,Fuerte,Pesado,GRIS,REMOLCADOR,OBSTACULOS EN LA VIA
BUCARAMANGA,KIA,2017,31 a 60, Alto ,Medio,Liviano,ROJO,CAMIONETA PASAJEROS,FALLA MECANICA
CALI,FORD,2011,31 a 60, Alto ,Medio,Liviano,BLANCO,CAMPERO,VIOLACION DE NORMAS DE TRANSITO
MEDELLÍN,CHEVROLET,2020,61 a 120, Alto ,Fuerte,Liviano,ROJO,AUTOMOVIL,VIOLACION DE NORMAS DE TRANSITO
MEDELLÍN,TOYOTA,2009,121 a 240, Alto ,Fuerte,Liviano,GRIS,CAMPERO,DISTRACCION DEL CONDUCTOR
PEREIRA,CHEVROLET,2020,31 a 60, Alto ,Fuerte,Liviano,GRIS,CAMIONETA PASAJEROS,EXCESO DE VELOCIDAD
BOGOTÁ,KENWORTH,2012,16 a 30, Alto ,Fuerte,Pesado,OTROS,REMOLCADOR,DISTRACCION DEL CONDUCTOR
CALI,RENAULT,2015,31 a 60, Alto ,Medio,Liviano,GRIS,CAMIONETA PASAJEROS,OBSTACULOS EN LA VIA
CALI,KIA,2021,61 a 120, Alto ,Medio,Liviano,GRIS,AUTOMOVIL,DISTRACCION DEL CONDUCTOR
BARRANQUILLA,BMW,2013,121 a 240, Alto ,Fuerte,Liviano,PLATA,CAMPERO,DISTRACCION DEL CONDUCTOR
BOGOTÁ,HONDA,2016,16 a 30, Alto ,Fuerte,Liviano,PLATA,CAMIONETA PASAJEROS,OBSTACULOS EN LA VIA
BARRANQUILLA,NISSAN,2017,121 a 240, Alto ,Fuerte,Liviano,NO REGISTRA,CAMIONETA PASAJEROS,INCENDIO
MEDELLÍN,CHEVROLET,2012,31 a 60, Alto ,Fuerte,Pesado,BLANCO,CAMION,DISTRACCION DEL CONDUCTOR
BUCARAMANGA,RENAULT,2019,61 a 120, Alto ,Fuerte,Liviano,ROJO,CAMPERO,EXCESO DE VELOCIDAD
BOGOTÁ,CHEVROLET,2019,31 a 60, Alto ,Fuerte,Pesado,VERDE,REMOLCADOR,DISTRACCION DEL CONDUCTOR
BOGOTÁ,CHEVROLET,2014,31 a 60, Alto ,Fuerte,Pesado,BLANCO,CAMION,OBSTACULOS EN LA VIA
MANIZALES,VOLKSWAGEN,2019,31 a 60, Alto ,Fuerte,Liviano,PLATA,AUTOMOVIL,OBSTACULOS EN LA VIA
BUCARAMANGA,MAZDA,2019,31 a 60, Alto ,Fuerte,Liviano,ROJO,AUTOMOVIL,VIOLACION DE NORMAS DE TRANSITO
BOGOTÁ,KENWORTH,2020,31 a 60, Alto ,Fuerte,Pesado,BLANCO,REMOLCADOR,OBSTACULOS EN LA VIA
PEREIRA,CHEVROLET,2011,61 a 120, Alto ,Fuerte,Pesado,BLANCO,CAMION,OBSTACULOS EN LA VIA
BOGOTÁ,HINO,2021,61 a 120, Alto ,Leve,Pesado,BLANCO,CAMION,OBSTACULOS EN LA VIA
BARRANQUILLA,KIA,2018,16 a 30, Alto ,Fuerte,Liviano,BLANCO,AUTOMOVIL,VIOLACION DE NORMAS DE TRANSITO
PEREIRA,MAZDA,2019,121 a 240, Alto ,Fuerte,Liviano,BLANCO,AUTOMOVIL,VIOLACION DE NORMAS DE TRANSITO
PEREIRA,MAZDA,2021,31 a 60, Alto ,Medio,Liviano,GRIS,AUTOMOVIL,DISTRACCION DEL CONDUCTOR
BOGOTÁ,VOLKSWAGEN,2020,121 a 240, Alto ,Medio,Liviano,BLANCO,REMOLCADOR,OBSTACULOS EN LA VIA
BOGOTÁ,KENWORTH,2007,61 a 120, Alto ,Fuerte,Pesado,ROJO,REMOLCADOR,DISTRACCION DEL CONDUCTOR
BARRANQUILLA,CHEVROLET,2018,31 a 60, Alto ,Fuerte,Liviano,BLANCO,PICKUP DOBLE CABINA,DISTRACCION DEL CONDUCTOR
PEREIRA,KIA,2014,61 a 120, Alto ,Fuerte,Liviano,PLATA,AUTOMOVIL,OBSTACULOS EN LA VIA
PEREIRA,CHEVROLET,2020,31 a 60, Alto ,Fuerte,Pesado,BLANCO,FURGON,DISTRACCION DEL CONDUCTOR
BARRANQUILLA,SUZUKI,2014,31 a 60, Alto ,Fuerte,Liviano,NEGRO,CAMPERO,VIOLACION DE NORMAS DE TRANSITO
BARRANQUILLA,CHEVROLET,2021,16 a 30, Alto ,Fuerte,Pesado,BLANCO,CAMION,OBSTACULOS EN LA VIA
BOGOTÁ,INTERNATIONAL,2012,61 a 120, Alto ,Medio,Pesado,AZUL,REMOLCADOR,DISTRACCION DEL CONDUCTOR
MEDELLÍN,MERCEDES BENZ,2017,31 a 60, Alto ,Medio,Liviano,BLANCO,AUTOMOVIL,OBSTACULOS EN LA VIA
BUCARAMANGA,KENWORTH,2013,0 a 15, Alto ,Medio,Pesado,AMARILLO,REMOLCADOR,VIOLACION DE NORMAS DE TRANSITO
MEDELLÍN,CHEVROLET,2019,31 a 60, Alto ,Fuerte,Pesado,BLANCO,CHASIS,OBSTACULOS EN LA VIA
MEDELLÍN,KENWORTH,2012,31 a 60, Alto ,Fuerte,Pesado,PLATA,AUTOMOVIL,DISTRACCION DEL CONDUCTOR
BARRANQUILLA,CHEVROLET,2017,61 a 120, Alto ,Fuerte,Liviano,BLANCO,CAMIONETA PASAJEROS,OBSTACULOS EN LA VIA
BOGOTÁ,KENWORTH,2013,16 a 30, Alto ,Fuerte,Pesado,OTROS,REMOLCADOR,OBSTACULOS EN LA VIA
BOGOTÁ,CHEVROLET,2019,61 a 120, Alto ,Fuerte,Liviano,ROJO,AUTOMOVIL,DISTRACCION DEL CONDUCTOR
BARRANQUILLA,OTROS,2020,31 a 60, Alto ,Fuerte,Pesado,BLANCO,CARROTANQUE,DISTRACCION DEL CONDUCTOR
MEDELLÍN,MITSUBISHI,2016,241 a 480, Alto ,Fuerte,Liviano,PLATA,CAMPERO,DISTRACCION DEL CONDUCTOR
BARRANQUILLA,SUZUKI,2020,31 a 60, Alto ,Fuerte,Liviano,PLATA,CAMPERO,DISTRACCION DEL CONDUCTOR
MEDELLÍN,TOYOTA,2019,61 a 120, Alto ,Fuerte,Liviano,GRIS,CAMIONETA PASAJEROS,DISTRACCION DEL CONDUCTOR
CALI,SUZUKI,2017,61 a 120, Alto ,Fuerte,Liviano,BLANCO,AUTOMOVIL,DISTRACCION DEL CONDUCTOR
BARRANQUILLA,HYUNDAI,2019,61 a 120, Alto ,Medio,Liviano,BLANCO,CAMIONETA PASAJEROS,DISTRACCION DEL CONDUCTOR
BOGOTÁ,HINO,2020,31 a 60, Alto ,Fuerte,Pesado,BLANCO,CAMION,DISTRACCION DEL CONDUCTOR
BOGOTÁ,HINO,2021,31 a 60, Alto ,Fuerte,Pesado,BLANCO,CAMION,OBSTACULOS EN LA VIA
BOGOTÁ,CHEVROLET,2014,61 a 120, Alto ,Medio,Pesado,ROJO,CAMION,DISTRACCION DEL CONDUCTOR
MANIZALES,RENAULT,2018,61 a 120, Alto ,Fuerte,Liviano,GRIS,AUTOMOVIL,DISTRACCION DEL CONDUCTOR
BOGOTÁ,KIA,2017,31 a 60, Alto ,Fuerte,Liviano,ROJO,CAMIONETA PASAJEROS,DISTRACCION DEL CONDUCTOR
BOGOTÁ,OTROS,2020,61 a 120, Alto ,Medio,Pesado,BLANCO,FURGON,DISTRACCION DEL CONDUCTOR
CALI,CHEVROLET,2011,31 a 60, Alto ,Leve,Liviano,AZUL,PICKUP DOBLE CABINA,DISTRACCION DEL CONDUCTOR
MEDELLÍN,INTERNATIONAL,2015,16 a 30, Alto ,Medio,Pesado,GRIS,VOLQUETA,DISTRACCION DEL CONDUCTOR
BOGOTÁ,MERCEDES BENZ,2016,61 a 120, Alto ,Fuerte,Liviano,PLATA,CAMIONETA PASAJEROS,VIOLACION DE NORMAS DE TRANSITO
BOGOTÁ,MERCEDES BENZ,2019,121 a 240, Alto ,Leve,Pesado,BLANCO,CHASIS,VIOLACION DE NORMAS DE TRANSITO
MEDELLÍN,CHEVROLET,2019,31 a 60, Alto ,Fuerte,Liviano,PLATA,AUTOMOVIL,OBSTACULOS EN LA VIA
BUCARAMANGA,FREIGHTLINER,2008,61 a 120, Alto ,Fuerte,Pesado,NEGRO,REMOLCADOR,INCENDIO
PEREIRA,KIA,2017,31 a 60, Alto ,Fuerte,Liviano,GRIS,AUTOMOVIL,DISTRACCION DEL CONDUCTOR
BOGOTÁ,NISSAN,2019,31 a 60, Alto ,Fuerte,Liviano,BLANCO,PICKUP DOBLE CABINA,DISTRACCION DEL CONDUCTOR
PEREIRA,CHEVROLET,2018,31 a 60, Alto ,Fuerte,Liviano,PLATA,CAMIONETA PASAJEROS,OBSTACULOS EN LA VIA
BUCARAMANGA,TOYOTA,2017,16 a 30, Alto ,Medio,Liviano,GRIS,CAMPERO,VIOLACION DE NORMAS DE TRANSITO
MEDELLÍN,RENAULT,2015,16 a 30, Alto ,Fuerte,Liviano,GRIS,CAMIONETA PASAJEROS,OBSTACULOS EN LA VIA
BOGOTÁ,INTERNATIONAL,2014,31 a 60, Alto ,Fuerte,Pesado,AZUL,CARROTANQUE,OBSTACULOS EN LA VIA
BOGOTÁ,INTERNATIONAL,2015,31 a 60, Alto ,Medio,Pesado,BLANCO,VOLQUETA,OBSTACULOS EN LA VIA
MANIZALES,VOLKSWAGEN,2011,31 a 60, Alto ,Medio,Liviano,GRIS,PICKUP DOBLE CABINA,FALLA MECANICA
BARRANQUILLA,INTERNATIONAL,2007,61 a 120, Alto ,Fuerte,Pesado,BLANCO,VOLQUETA,DISTRACCION DEL CONDUCTOR
BUCARAMANGA,CHEVROLET,2013,61 a 120, Alto ,Medio,Pesado,BLANCO,CAMION,OBSTACULOS EN LA VIA
BOGOTÁ,RENAULT,2019,31 a 60, Alto ,Fuerte,Liviano,GRIS,AUTOMOVIL,OBSTACULOS EN LA VIA
MEDELLÍN,NISSAN,2019,61 a 120, Alto ,Fuerte,Liviano,BLANCO,AUTOMOVIL,DISTRACCION DEL CONDUCTOR
BOGOTÁ,SSANGYONG,2020,31 a 60, Alto ,Fuerte,Liviano,PLATA,CAMIONETA PASAJEROS,DISTRACCION DEL CONDUCTOR
BOGOTÁ,CHEVROLET,2017,61 a 120, Alto ,Fuerte,Pesado,GRIS,CAMIONETA PASAJEROS,OBSTACULOS EN LA VIA
BOGOTÁ,KENWORTH,2020,31 a 60, Alto ,Fuerte,Pesado,BLANCO,REMOLCADOR,OBSTACULOS EN LA VIA
BOGOTÁ,NISSAN,2017,31 a 60, Alto ,Fuerte,Liviano,ROJO,AUTOMOVIL,VIOLACION DE NORMAS DE TRANSITO
MEDELLÍN,CHEVROLET,2018,61 a 120, Alto ,Fuerte,Pesado,NO REGISTRA,CAMION,DISTRACCION DEL CONDUCTOR
MEDELLÍN,VOLKSWAGEN,2015,61 a 120, Alto ,Fuerte,Liviano,PLATA,AUTOMOVIL,VIOLACION DE NORMAS DE TRANSITO
BARRANQUILLA,INTERNATIONAL,2011,16 a 30, Alto ,Medio,Pesado,VERDE,CARROTANQUE,OBSTACULOS EN LA VIA
BARRANQUILLA,CHEVROLET,2016,31 a 60, Alto ,Fuerte,Pesado,BLANCO,CAMION,ENCONTRADO DAÑADO
BARRANQUILLA,CHEVROLET,2016,61 a 120, Alto ,Leve,Liviano,NO REGISTRA,CAMIONETA PASAJEROS,DISTRACCION DEL CONDUCTOR
MEDELLÍN,CHEVROLET,2012,31 a 60, Alto ,Fuerte,Pesado,GRIS,AUTOMOVIL,DISTRACCION DEL CONDUCTOR
BARRANQUILLA,CHEVROLET,2019,61 a 120, Alto ,Fuerte,Liviano,NO REGISTRA,AUTOMOVIL,FALLA MECANICA
MEDELLÍN,CHEVROLET,2020,61 a 120, Alto ,Fuerte,Liviano,PLATA,CAMIONETA PASAJEROS,DISTRACCION DEL CONDUCTOR
CALI,CHEVROLET,2019,61 a 120, Alto ,Fuerte,Pesado,BLANCO,FURGON,DISTRACCION DEL CONDUCTOR
BARRANQUILLA,CHEVROLET,2020,61 a 120, Alto ,Fuerte,Pesado,BLANCO,FURGON,OBSTACULOS EN LA VIA
MEDELLÍN,MERCEDES BENZ,2016,31 a 60, Alto ,Leve,Liviano,NEGRO,CAMIONETA PASAJEROS,DISTRACCION DEL CONDUCTOR
PEREIRA,CHEVROLET,2014,31 a 60, Alto ,Medio,Pesado,BLANCO,FURGON,DISTRACCION DEL CONDUCTOR
BOGOTÁ,KENWORTH,2011,61 a 120, Alto ,Fuerte,Pesado,BLANCO,REMOLCADOR,OBSTACULOS EN LA VIA
BOGOTÁ,FREIGHTLINER,2008,31 a 60, Alto ,Fuerte,Pesado,NARANJA,REMOLCADOR,VIOLACION DE NORMAS DE TRANSITO
BOGOTÁ,HYUNDAI,2013,61 a 120, Alto ,Fuerte,Liviano,NEGRO,CAMIONETA PASAJEROS,OBSTACULOS EN LA VIA
CALI,CHEVROLET,2015,61 a 120, Alto ,Fuerte,Pesado,BLANCO,CAMION,EXCESO DE VELOCIDAD
BUCARAMANGA,HYUNDAI,2019,61 a 120, Alto ,Fuerte,Liviano,PLATA,CAMIONETA PASAJEROS,OBSTACULOS EN LA VIA
BUCARAMANGA,AUDI,2018,0 a 15, Alto ,Medio,Liviano,GRIS,CAMPERO,DISTRACCION DEL CONDUCTOR
BOGOTÁ,BMW,2017,61 a 120, Alto ,Medio,Liviano,NEGRO,CAMPERO,OBSTACULOS EN LA VIA
PEREIRA,CHEVROLET,2019,61 a 120, Alto ,Fuerte,Liviano,GRIS,AUTOMOVIL,VIOLACION DE NORMAS DE TRANSITO
MEDELLÍN,CHEVROLET,2018,61 a 120, Alto ,Fuerte,Pesado,NO REGISTRA,CAMION,DISTRACCION DEL CONDUCTOR
BUCARAMANGA,FORD,2019,61 a 120, Alto ,Fuerte,Liviano,BLANCO,PICKUP DOBLE CABINA,VIOLACION DE NORMAS DE TRANSITO
MEDELLÍN,VOLKSWAGEN,2012,61 a 120, Alto ,Fuerte,Liviano,BLANCO,CAMPERO,DISTRACCION DEL CONDUCTOR
BOGOTÁ,HINO,2020,61 a 120, Alto ,Fuerte,Pesado,BLANCO,CAMION,DISTRACCION DEL CONDUCTOR
BOGOTÁ,MAZDA,2020,31 a 60, Alto ,Medio,Liviano,AZUL,CAMIONETA PASAJEROS,DISTRACCION DEL CONDUCTOR
CALI,HONDA,2016,121 a 240, Alto ,Fuerte,Liviano,ACERO,CAMIONETA PASAJEROS,DISTRACCION DEL CONDUCTOR
BARRANQUILLA,CHEVROLET,2017,61 a 120, Alto ,Fuerte,Liviano,GRIS,AUTOMOVIL,OBSTACULOS EN LA VIA
BOGOTÁ,KENWORTH,2008,31 a 60, Alto ,Medio,Pesado,AZUL,REMOLCADOR,OBSTACULOS EN LA VIA
BOGOTÁ,HINO,2019,61 a 120, Alto ,Medio,Pesado,BLANCO,CAMION,OBSTACULOS EN LA VIA
BOGOTÁ,KENWORTH,2008,31 a 60, Alto ,Fuerte,Pesado,VERDE,REMOLCADOR,DISTRACCION DEL CONDUCTOR
BUCARAMANGA,CHEVROLET,2019,61 a 120, Alto ,Fuerte,Liviano,BLANCO,AUTOMOVIL,EXCESO DE VELOCIDAD
CALI,CHEVROLET,2019,61 a 120, Alto ,Fuerte,Liviano,NEGRO,CAMIONETA PASAJEROS,OBSTACULOS EN LA VIA
MEDELLÍN,MERCEDES BENZ,2017,61 a 120, Alto ,Fuerte,Liviano,BLANCO,CAMIONETA PASAJEROS,OBSTACULOS EN LA VIA
CALI,MERCEDES BENZ,2015,0 a 15, Alto ,Fuerte,Liviano,NO REGISTRA,AUTOMOVIL,DISTRACCION DEL CONDUCTOR
PEREIRA,HINO,2019,31 a 60, Alto ,Fuerte,Pesado,BLANCO,REMOLCADOR,DISTRACCION DEL CONDUCTOR
CALI,MAZDA,2018,61 a 120, Alto ,Fuerte,Liviano,BLANCO,AUTOMOVIL,OBSTACULOS EN LA VIA
BOGOTÁ,BMW,2019,31 a 60, Alto ,Fuerte,Liviano,BLANCO,AUTOMOVIL,OBSTACULOS EN LA VIA
BOGOTÁ,BMW,2015,31 a 60, Alto ,Fuerte,Liviano,AZUL,AUTOMOVIL,OBSTACULOS EN LA VIA
MEDELLÍN,INTERNATIONAL,2013,61 a 120, Alto ,Fuerte,Pesado,AMARILLO,CAMION,DISTRACCION DEL CONDUCTOR
CALI,TOYOTA,2017,16 a 30, Alto ,Medio,Liviano,PLATA,PICKUP DOBLE CABINA,DISTRACCION DEL CONDUCTOR
BARRANQUILLA,MAZDA,2020,31 a 60, Alto ,Medio,Liviano,BLANCO,AUTOMOVIL,DISTRACCION DEL CONDUCTOR
BARRANQUILLA,MAZDA,2018,31 a 60, Alto ,Fuerte,Liviano,ROJO,AUTOMOVIL,INUNDACION
BOGOTÁ,AUDI,2014,16 a 30, Alto ,Fuerte,Liviano,BLANCO,CAMION,FALLA MECANICA
BOGOTÁ,KENWORTH,2007,31 a 60, Alto ,Fuerte,Pesado,AZUL,REMOLCADOR,DISTRACCION DEL CONDUCTOR
BOGOTÁ,KENWORTH,2006,0 a 15, Alto ,Medio,Pesado,ROJO,REMOLCADOR,FALLA MECANICA
BOGOTÁ,BMW,2020,61 a 120, Alto ,Fuerte,Liviano,BLANCO,CAMIONETA PASAJEROS,OBSTACULOS EN LA VIA
BARRANQUILLA,KENWORTH,2007,31 a 60, Alto ,Medio,Pesado,ROJO,REMOLCADOR,DISTRACCION DEL CONDUCTOR
BOGOTÁ,CHEVROLET,2020,61 a 120, Alto ,Fuerte,Liviano,PLATA,AUTOMOVIL,DISTRACCION DEL CONDUCTOR
BOGOTÁ,MERCEDES BENZ,2016,61 a 120, Alto ,Medio,Liviano,PLATA,AUTOMOVIL,OBSTACULOS EN LA VIA
BOGOTÁ,HINO,2019,121 a 240, Alto ,Medio,Pesado,BLANCO,CAMION,OBSTACULOS EN LA VIA
BARRANQUILLA,CHEVROLET,2008,31 a 60, Alto ,Fuerte,Pesado,BLANCO,VOLQUETA,DISTRACCION DEL CONDUCTOR
BOGOTÁ,CHEVROLET,2019,16 a 30, Alto ,Fuerte,Liviano,PLATA,CAMPERO,DISTRACCION DEL CONDUCTOR
BUCARAMANGA,TOYOTA,2020,61 a 120, Alto ,Fuerte,Liviano,GRIS,PICKUP DOBLE CABINA,ENCONTRADO DAÑADO
MEDELLÍN,MERCEDES BENZ,2019,16 a 30, Alto ,Medio,Liviano,NEGRO,CAMIONETA PASAJEROS,DISTRACCION DEL CONDUCTOR
MEDELLÍN,CHEVROLET,2015,31 a 60, Alto ,Fuerte,Pesado,BLANCO,CAMION,DISTRACCION DEL CONDUCTOR
MANIZALES,MITSUBISHI,2017,61 a 120, Alto ,Fuerte,Liviano,AZUL,CAMPERO,OBSTACULOS EN LA VIA
BOGOTÁ,KENWORTH,2012,121 a 240, Alto ,Fuerte,Pesado,BLANCO,REMOLCADOR,OBSTACULOS EN LA VIA
CALI,KIA,2020,61 a 120, Alto ,Fuerte,Liviano,GRIS,AUTOMOVIL,FALLA MECANICA
BOGOTÁ,KENWORTH,2011,31 a 60, Alto ,Fuerte,Pesado,AMARILLO,REMOLCADOR,OBSTACULOS EN LA VIA
BARRANQUILLA,VOLKSWAGEN,2020,31 a 60, Alto ,Fuerte,Liviano,PLATA,AUTOMOVIL,DISTRACCION DEL CONDUCTOR
BOGOTÁ,CHEVROLET,2019,31 a 60, Alto ,Fuerte,Liviano,ROJO,AUTOMOVIL,DISTRACCION DEL CONDUCTOR
CALI,CHEVROLET,2019,61 a 120, Alto ,Fuerte,Liviano,NO REGISTRA,CAMIONETA PASAJEROS,DISTRACCION DEL CONDUCTOR
PEREIRA,KIA,2020,31 a 60, Alto ,Fuerte,Liviano,BLANCO,CAMIONETA PASAJEROS,OBSTACULOS EN LA VIA
CALI,CHEVROLET,2013,31 a 60, Alto ,Fuerte,Pesado,BLANCO,CAMION,DISTRACCION DEL CONDUCTOR
CALI,VOLKSWAGEN,2013,61 a 120, Alto ,Fuerte,Liviano,AZUL,PICKUP DOBLE CABINA,VIOLACION DE NORMAS DE TRANSITO
BOGOTÁ,MERCEDES BENZ,2011,61 a 120, Alto ,Fuerte,Pesado,BLANCO,CAMION,OBSTACULOS EN LA VIA
BOGOTÁ,HINO,2020,31 a 60, Alto ,Fuerte,Pesado,BLANCO,FURGON,DISTRACCION DEL CONDUCTOR
BOGOTÁ,BMW,2017,61 a 120, Alto ,Fuerte,Liviano,BLANCO,CAMPERO,DISTRACCION DEL CONDUCTOR
BOGOTÁ,INTERNATIONAL,2012,61 a 120, Alto ,Medio,Pesado,BLANCO,REMOLCADOR,DISTRACCION DEL CONDUCTOR
BUCARAMANGA,KIA,2018,16 a 30, Alto ,Medio,Liviano,ROJO,AUTOMOVIL,OBSTACULOS EN LA VIA
BUCARAMANGA,FORD,2019,16 a 30, Alto ,Fuerte,Liviano,BLANCO,PICKUP DOBLE CABINA,DISTRACCION DEL CONDUCTOR
PEREIRA,MITSUBISHI,2007,61 a 120, Alto ,Fuerte,Pesado,BLANCO,CAMION,OBSTACULOS EN LA VIA
BUCARAMANGA,KENWORTH,2012,31 a 60, Alto ,Medio,Pesado,VERDE,REMOLCADOR,DISTRACCION DEL CONDUCTOR
MANIZALES,TOYOTA,2019,61 a 120, Alto ,Fuerte,Liviano,PLATA,CAMIONETA PASAJEROS,OBSTACULOS EN LA VIA
MEDELLÍN,CHEVROLET,2020,121 a 240, Alto ,Medio,Pesado,BLANCO,CAMION,DISTRACCION DEL CONDUCTOR
MEDELLÍN,CHEVROLET,2015,31 a 60, Alto ,Medio,Pesado,BLANCO,FURGON,OBSTACULOS EN LA VIA
BOGOTÁ,KENWORTH,2007,61 a 120, Alto ,Fuerte,Pesado,AZUL,REMOLCADOR,DISTRACCION DEL CONDUCTOR
BUCARAMANGA,MERCEDES BENZ,2019,61 a 120, Alto ,Medio,Pesado,BLANCO,CAMION,DISTRACCION DEL CONDUCTOR
BUCARAMANGA,KENWORTH,2012,31 a 60, Alto ,Fuerte,Pesado,AMARILLO,REMOLCADOR,DISTRACCION DEL CONDUCTOR
CALI,BMW,2012,61 a 120, Alto ,Fuerte,Liviano,GRIS,AUTOMOVIL,OBSTACULOS EN LA VIA
BOGOTÁ,DODGE,2017,31 a 60, Alto ,Fuerte,Liviano,GRIS,CAMIONETA PASAJEROS,OBSTACULOS EN LA VIA
BOGOTÁ,KENWORTH,2003,31 a 60, Alto ,Fuerte,Pesado,GRIS,CAMPERO,FALLA MECANICA
BOGOTÁ,KIA,2016,31 a 60, Alto ,Fuerte,Liviano,PLATA,CAMIONETA PASAJEROS,OBSTACULOS EN LA VIA
BOGOTÁ,FORD,2012,31 a 60, Alto ,Fuerte,Liviano,BLANCO,PICKUP DOBLE CABINA,OBSTACULOS EN LA VIA
PEREIRA,KENWORTH,2013,31 a 60, Alto ,Leve,Pesado,ROJO,REMOLCADOR,DISTRACCION DEL CONDUCTOR
BOGOTÁ,TOYOTA,2013,61 a 120, Alto ,Fuerte,Liviano,BLANCO,PICKUP DOBLE CABINA,OBSTACULOS EN LA VIA
BOGOTÁ,HINO,2020,61 a 120, Alto ,Fuerte,Pesado,BLANCO,FURGON,OBSTACULOS EN LA VIA
BUCARAMANGA,CHEVROLET,2019,31 a 60, Alto ,Fuerte,Liviano,NEGRO,AUTOMOVIL,DISTRACCION DEL CONDUCTOR
BOGOTÁ,MERCEDES BENZ,2016,61 a 120, Alto ,Fuerte,Liviano,NEGRO,CAMIONETA PASAJEROS,OBSTACULOS EN LA VIA
BOGOTÁ,TOYOTA,2015,16 a 30, Alto ,Fuerte,Liviano,BLANCO,CAMPERO,VIOLACION DE NORMAS DE TRANSITO
PEREIRA,BMW,2019,61 a 120, Alto ,Medio,Liviano,VERDE,CAMIONETA PASAJEROS,OBSTACULOS EN LA VIA
BARRANQUILLA,KENWORTH,2014,31 a 60, Alto ,Leve,Pesado,BLANCO,AUTOMOVIL,OBSTACULOS EN LA VIA
BUCARAMANGA,INTERNATIONAL,2008,61 a 120, Alto ,Fuerte,Pesado,OTROS,REMOLCADOR,VIOLACION DE NORMAS DE TRANSITO
MEDELLÍN,INTERNATIONAL,2006,31 a 60, Alto ,Medio,Pesado,GRIS,AUTOMOVIL,DISTRACCION DEL CONDUCTOR
BOGOTÁ,TOYOTA,2018,31 a 60, Alto ,Fuerte,Liviano,PLATA,AUTOMOVIL,DISTRACCION DEL CONDUCTOR
BUCARAMANGA,CHEVROLET,2020,31 a 60, Alto ,Fuerte,Pesado,ROJO,CAMION,OBSTACULOS EN LA VIA
BOGOTÁ,HONDA,2019,31 a 60, Alto ,Fuerte,Liviano,NO REGISTRA,CAMIONETA PASAJEROS,VIOLACION DE NORMAS DE TRANSITO
CALI,KENWORTH,2013,0 a 15, Alto ,Medio,Pesado,NARANJA,REMOLCADOR,OBSTACULOS EN LA VIA
MEDELLÍN,CHEVROLET,2017,16 a 30, Alto ,Fuerte,Liviano,ROJO,CAMIONETA PASAJEROS,OBSTACULOS EN LA VIA
BUCARAMANGA,CHEVROLET,2013,61 a 120, Alto ,Medio,Pesado,BLANCO,CAMION,DISTRACCION DEL CONDUCTOR
CALI,VOLKSWAGEN,2019,121 a 240, Alto ,Leve,Liviano,PLATA,PICKUP DOBLE CABINA,OBSTACULOS EN LA VIA
BOGOTÁ,KENWORTH,2013,31 a 60, Alto ,Fuerte,Pesado,ROJO,REMOLCADOR,OBSTACULOS EN LA VIA
BOGOTÁ,INTERNATIONAL,2012,31 a 60, Alto ,Fuerte,Pesado,AZUL,VOLQUETA,FALLA MECANICA
BOGOTÁ,CHEVROLET,< 2003,31 a 60, Alto ,Medio,Pesado,VERDE,REMOLCADOR,OBSTACULOS EN LA VIA
BOGOTÁ,HINO,2012,61 a 120, Alto ,Medio,Pesado,ROJO,CARROTANQUE,DISTRACCION DEL CONDUCTOR
BOGOTÁ,HINO,2009,61 a 120, Alto ,Medio,Pesado,BLANCO,CAMION,DISTRACCION DEL CONDUCTOR
BOGOTÁ,HYUNDAI,2012,61 a 120, Alto ,Medio,Pesado,GRIS,PICKUP DOBLE CABINA,VIOLACION DE NORMAS DE TRANSITO
BOGOTÁ,KIA,2010,31 a 60, Alto ,Fuerte,Liviano,PLATA,CAMPERO,VIOLACION DE NORMAS DE TRANSITO
BOGOTÁ,FORD,2014,61 a 120, Alto ,Leve,Liviano,GRIS,CAMIONETA PASAJEROS,DISTRACCION DEL CONDUCTOR
CALI,KENWORTH,2007,61 a 120, Alto ,Medio,Pesado,VERDE,REMOLCADOR,DISTRACCION DEL CONDUCTOR
BOGOTÁ,CHEVROLET,2019,31 a 60, Alto ,Fuerte,Liviano,ROJO,AUTOMOVIL,OBSTACULOS EN LA VIA
MEDELLÍN,SUZUKI,2014,61 a 120, Alto ,Fuerte,Liviano,GRIS,CAMPERO,VIOLACION DE NORMAS DE TRANSITO
PEREIRA,VOLKSWAGEN,2019,16 a 30, Alto ,Fuerte,Liviano,GRIS,CAMIONETA PASAJEROS,OBSTACULOS EN LA VIA
BOGOTÁ,CHEVROLET,2015,31 a 60, Alto ,Fuerte,Pesado,BLANCO,CHASIS,DISTRACCION DEL CONDUCTOR
BOGOTÁ,BMW,2016,61 a 120, Alto ,Fuerte,Liviano,AZUL,AUTOMOVIL,OBSTACULOS EN LA VIA
BOGOTÁ,CHEVROLET,2021,0 a 15, Alto ,Leve,Pesado,BLANCO,FURGON,VIOLACION DE NORMAS DE TRANSITO
MANIZALES,KIA,2018,31 a 60, Alto ,Fuerte,Liviano,BLANCO,AUTOMOVIL,DISTRACCION DEL CONDUCTOR
BUCARAMANGA,HINO,2020,61 a 120, Alto ,Medio,Pesado,BLANCO,CAMION,OBSTACULOS EN LA VIA
MEDELLÍN,CHEVROLET,2016,16 a 30, Alto ,Fuerte,Liviano,PLATA,PICKUP DOBLE CABINA,OBSTACULOS EN LA VIA
BOGOTÁ,KENWORTH,2012,16 a 30, Alto ,Fuerte,Pesado,VERDE,REMOLCADOR,DISTRACCION DEL CONDUCTOR
BOGOTÁ,FORD,2018,16 a 30, Alto ,Fuerte,Liviano,GRIS,AUTOMOVIL,DISTRACCION DEL CONDUCTOR
BOGOTÁ,AUDI,2008,61 a 120, Alto ,Fuerte,Liviano,PLATA,CAMIONETA PASAJEROS,VIOLACION DE NORMAS DE TRANSITO
PEREIRA,CHEVROLET,2013,16 a 30, Alto ,Medio,Liviano,BLANCO,CAMION,OBSTACULOS EN LA VIA
BUCARAMANGA,INTERNATIONAL,2007,61 a 120, Alto ,Medio,Pesado,GRIS,REMOLCADOR,OBSTACULOS EN LA VIA
MANIZALES,CHEVROLET,2019,31 a 60, Alto ,Fuerte,Liviano,AZUL,AUTOMOVIL,EXCESO DE VELOCIDAD
BOGOTÁ,INTERNATIONAL,< 2003,31 a 60, Alto ,Medio,Pesado,ROJO,CAMION,OBSTACULOS EN LA VIA
MEDELLÍN,KENWORTH,2015,61 a 120, Alto ,Medio,Pesado,AMARILLO,REMOLCADOR,DAÑOS POR GRANIZO
BOGOTÁ,CHEVROLET,2018,31 a 60, Alto ,Fuerte,Liviano,NO REGISTRA,CAMIONETA PASAJEROS,DISTRACCION DEL CONDUCTOR
BOGOTÁ,MERCEDES BENZ,2019,121 a 240, Alto ,Fuerte,Pesado,BLANCO,FURGON,DISTRACCION DEL CONDUCTOR
BOGOTÁ,VOLKSWAGEN,2020,121 a 240, Alto ,Fuerte,Liviano,BLANCO,PICKUP DOBLE CABINA,HURTO - ACCESORIOS Y/O PARTES
BOGOTÁ,INTERNATIONAL,2008,31 a 60, Alto ,Medio,Pesado,AZUL,REMOLCADOR,ESTADO DE EMBRIAGUEZ
BOGOTÁ,KENWORTH,2011,31 a 60, Alto ,Medio,Pesado,AZUL,REMOLCADOR,OBSTACULOS EN LA VIA
PEREIRA,INTERNATIONAL,2008,16 a 30, Alto ,Leve,Pesado,ROJO,REMOLCADOR,OBSTACULOS EN LA VIA
BARRANQUILLA,VOLKSWAGEN,2020,31 a 60, Alto ,Fuerte,Liviano,GRIS,AUTOMOVIL,DISTRACCION DEL CONDUCTOR
BOGOTÁ,CHEVROLET,2018,31 a 60, Alto ,Leve,Pesado,NO REGISTRA,CAMION,OBSTACULOS EN LA VIA
BUCARAMANGA,RENAULT,2020,121 a 240, Alto ,Fuerte,Liviano,BLANCO,AUTOMOVIL,DISTRACCION DEL CONDUCTOR
PEREIRA,RENAULT,2019,16 a 30, Alto ,Fuerte,Liviano,GRIS,AUTOMOVIL,OBSTACULOS EN LA VIA
MEDELLÍN,JEEP ,2014,61 a 120, Alto ,Medio,Liviano,GRIS,CAMIONETA PASAJEROS,ENCONTRADO DAÑADO
CALI,VOLKSWAGEN,2020,121 a 240, Alto ,Fuerte,Liviano,BLANCO,CAMIONETA PASAJEROS,DISTRACCION DEL CONDUCTOR
BOGOTÁ,LAND ROVER,2014,61 a 120, Alto ,Medio,Liviano,VERDE,CAMPERO,OBSTACULOS EN LA VIA
BOGOTÁ,AUDI,2013,61 a 120, Alto ,Fuerte,Liviano,VERDE,AUTOMOVIL,DISTRACCION DEL CONDUCTOR
BOGOTÁ,INTERNATIONAL,2007,31 a 60, Alto ,Medio,Pesado,NARANJA,REMOLCADOR,OBSTACULOS EN LA VIA
BOGOTÁ,VOLKSWAGEN,2020,31 a 60, Alto ,Fuerte,Liviano,BLANCO,PICKUP DOBLE CABINA,DISTRACCION DEL CONDUCTOR
CALI,KIA,2014,31 a 60, Alto ,Fuerte,Liviano,AZUL,CAMIONETA PASAJEROS,DISTRACCION DEL CONDUCTOR
BOGOTÁ,NISSAN,2016,31 a 60, Alto ,Fuerte,Liviano,GRIS,PICKUP DOBLE CABINA,OBSTACULOS EN LA VIA
BOGOTÁ,SUBARU,2014,121 a 240, Alto ,Fuerte,Liviano,GRIS,AUTOMOVIL,FALLA MECANICA
BOGOTÁ,KENWORTH,2008,31 a 60, Alto ,Medio,Pesado,ROJO,REMOLCADOR,DISTRACCION DEL CONDUCTOR
BOGOTÁ,CHEVROLET,2013,121 a 240, Alto ,Fuerte,Pesado,BLANCO,CAMION,OBSTACULOS EN LA VIA
BARRANQUILLA,HONDA,2016,16 a 30, Alto ,Medio,Liviano,NO REGISTRA,CAMIONETA PASAJEROS,OBSTACULOS EN LA VIA
BARRANQUILLA,NISSAN,2017,31 a 60, Alto ,Fuerte,Liviano,GRIS,CAMPERO,OBSTACULOS EN LA VIA
BOGOTÁ,CHEVROLET,2019,61 a 120, Alto ,Fuerte,Liviano,NEGRO,AUTOMOVIL,OBSTACULOS EN LA VIA
MEDELLÍN,CHEVROLET,2009,61 a 120, Alto ,Fuerte,Pesado,TITANIO,AUTOMOVIL,DISTRACCION DEL CONDUCTOR
BOGOTÁ,FORD,2012,31 a 60, Alto ,Fuerte,Liviano,VERDE,CAMPERO,DISTRACCION DEL CONDUCTOR
MEDELLÍN,AUDI,2014,16 a 30, Alto ,Fuerte,Liviano,BLANCO,CAMPERO,DISTRACCION DEL CONDUCTOR
BOGOTÁ,BMW,2016,31 a 60, Alto ,Fuerte,Liviano,BLANCO,CAMPERO,OBSTACULOS EN LA VIA
BARRANQUILLA,CHEVROLET,2020,31 a 60, Alto ,Fuerte,Pesado,BLANCO,FURGON,DISTRACCION DEL CONDUCTOR
BOGOTÁ,CHEVROLET,2017,61 a 120, Alto ,Leve,Pesado,BLANCO,CAMION,OBSTACULOS EN LA VIA
MEDELLÍN,CHEVROLET,2012,121 a 240, Alto ,Fuerte,Pesado,BEIGE,AUTOMOVIL,DISTRACCION DEL CONDUCTOR
BUCARAMANGA,KENWORTH,2021,16 a 30, Alto ,Medio,Pesado,BLANCO,REMOLCADOR,DISTRACCION DEL CONDUCTOR
CALI,INTERNATIONAL,2013,31 a 60, Alto ,Fuerte,Pesado,BLANCO,REMOLCADOR,VIOLACION DE NORMAS DE TRANSITO
BOGOTÁ,LAND ROVER,2015,61 a 120, Alto ,Fuerte,Liviano,GRIS,CAMPERO,VIOLACION DE NORMAS DE TRANSITO
BOGOTÁ,KENWORTH,2012,16 a 30, Alto ,Fuerte,Pesado,ROJO,AUTOMOVIL,FALLA MECANICA
BOGOTÁ,KENWORTH,2008,31 a 60, Alto ,Medio,Pesado,AZUL,REMOLCADOR,FALLA MECANICA
BOGOTÁ,HINO,2020,31 a 60, Alto ,Fuerte,Pesado,BLANCO,CAMION,OBSTACULOS EN LA VIA
BUCARAMANGA,RENAULT,2020,121 a 240, Alto ,Fuerte,Liviano,GRIS,CAMIONETA PASAJEROS,EXCESO DE VELOCIDAD
MEDELLÍN,CHEVROLET,2018,61 a 120, Alto ,Fuerte,Liviano,PLATA,AUTOMOVIL,OBSTACULOS EN LA VIA
BOGOTÁ,HINO,2019,61 a 120, Alto ,Fuerte,Pesado,BLANCO,CAMION,OBSTACULOS EN LA VIA
BARRANQUILLA,KENWORTH,2012,31 a 60, Alto ,Medio,Pesado,VERDE,CARROTANQUE,DISTRACCION DEL CONDUCTOR
CALI,CHEVROLET,2013,61 a 120, Alto ,Medio,Pesado,BLANCO,FURGON,DISTRACCION DEL CONDUCTOR
BUCARAMANGA,KENWORTH,2020,16 a 30, Alto ,Fuerte,Pesado,NARANJA,REMOLCADOR,DISTRACCION DEL CONDUCTOR
MEDELLÍN,KENWORTH,2013,16 a 30, Alto ,Medio,Pesado,PLATA,CAMIONETA PASAJEROS,DISTRACCION DEL CONDUCTOR
BOGOTÁ,FORD,2020,31 a 60, Alto ,Fuerte,Liviano,BLANCO,AUTOMOVIL,DISTRACCION DEL CONDUCTOR
PEREIRA,NISSAN,2011,31 a 60, Alto ,Fuerte,Liviano,GRIS,PICKUP DOBLE CABINA,OBSTACULOS EN LA VIA
PEREIRA,FORD,2014,61 a 120, Alto ,Leve,Liviano,BLANCO,AUTOMOVIL,VIOLACION DE NORMAS DE TRANSITO
CALI,FOTON         ,2019,61 a 120, Alto ,Medio,Pesado,BLANCO,FURGON,OBSTACULOS EN LA VIA
BOGOTÁ,AUDI,2017,61 a 120, Alto ,Fuerte,Liviano,GRIS,AUTOMOVIL,OBSTACULOS EN LA VIA
BOGOTÁ,FORD,2013,121 a 240, Alto ,Medio,Liviano,PLATA,PICKUP DOBLE CABINA,VIOLACION DE NORMAS DE TRANSITO
MEDELLÍN,MAZDA,2011,121 a 240, Alto ,Fuerte,Liviano,PLATA,PICKUP DOBLE CABINA,OBSTACULOS EN LA VIA
BOGOTÁ,KIA,2017,31 a 60, Alto ,Fuerte,Liviano,BRONCE,CAMIONETA PASAJEROS,EXCESO DE VELOCIDAD
MEDELLÍN,HYUNDAI,2012,16 a 30, Alto ,Fuerte,Liviano,PLATA,CAMIONETA PASAJEROS,EXCESO DE VELOCIDAD
PEREIRA,KENWORTH,2012,31 a 60, Alto ,Medio,Pesado,VERDE,REMOLCADOR,OBSTACULOS EN LA VIA
CALI,MAZDA,2018,121 a 240, Alto ,Fuerte,Liviano,AZUL,AUTOMOVIL,VIOLACION DE NORMAS DE TRANSITO
BOGOTÁ,SUZUKI,2017,31 a 60, Alto ,Medio,Liviano,GRIS,CAMPERO,DISTRACCION DEL CONDUCTOR
BOGOTÁ,BMW,2020,31 a 60, Alto ,Fuerte,Liviano,CAFE,MOTOCICLETA,OBSTACULOS EN LA VIA
CALI,NISSAN,2019,16 a 30, Alto ,Fuerte,Liviano,GRIS,AUTOMOVIL,DISTRACCION DEL CONDUCTOR
BARRANQUILLA,CHEVROLET,2020,31 a 60, Alto ,Fuerte,Liviano,BLANCO,CAMPERO,VIOLACION DE NORMAS DE TRANSITO
MEDELLÍN,CHEVROLET,2019,31 a 60, Alto ,Fuerte,Liviano,PLATA,AUTOMOVIL,DISTRACCION DEL CONDUCTOR
CALI,KIA,2018,121 a 240, Alto ,Fuerte,Liviano,BLANCO,AUTOMOVIL,EXCESO DE VELOCIDAD
BOGOTÁ,VOLKSWAGEN,2020,121 a 240, Alto ,Fuerte,Liviano,PLATA,AUTOMOVIL,DISTRACCION DEL CONDUCTOR
PEREIRA,INTERNATIONAL,2013,61 a 120, Alto ,Leve,Pesado,AZUL,REMOLCADOR,DISTRACCION DEL CONDUCTOR
BOGOTÁ,KIA,2015,16 a 30, Alto ,Medio,Liviano,BLANCO,CAMIONETA PASAJEROS,DISTRACCION DEL CONDUCTOR
BOGOTÁ,INTERNATIONAL,2008,61 a 120, Alto ,Fuerte,Pesado,BLANCO,VOLQUETA,FALLA MECANICA
BARRANQUILLA,CHEVROLET,2019,121 a 240, Alto ,Fuerte,Liviano,GRIS,AUTOMOVIL,FALLA MECANICA
BOGOTÁ,FREIGHTLINER,2015,61 a 120, Alto ,Leve,Pesado,BLANCO,VOLQUETA,DISTRACCION DEL CONDUCTOR
PEREIRA,AUDI,2013,31 a 60, Alto ,Fuerte,Liviano,OTROS,CAMPERO,OBSTACULOS EN LA VIA
BARRANQUILLA,CHEVROLET,2019,121 a 240, Alto ,Fuerte,Liviano,GRIS,CAMPERO,OBSTACULOS EN LA VIA
BOGOTÁ,NISSAN,2018,61 a 120, Alto ,Fuerte,Liviano,GRIS,PICKUP DOBLE CABINA,FALLA MECANICA
MEDELLÍN,HINO,2020,121 a 240, Alto ,Fuerte,Pesado,BLANCO,FURGON,OBSTACULOS EN LA VIA
CALI,CHEVROLET,2020,31 a 60, Alto ,Fuerte,Liviano,AZUL,AUTOMOVIL,DISTRACCION DEL CONDUCTOR
CALI,FORD,2015,16 a 30, Alto ,Fuerte,Liviano,BLANCO,AUTOMOVIL,OBSTACULOS EN LA VIA
BOGOTÁ,MAZDA,2019,61 a 120, Alto ,Leve,Liviano,ROJO,AUTOMOVIL,DISTRACCION DEL CONDUCTOR
BARRANQUILLA,CHEVROLET,2016,31 a 60, Alto ,Fuerte,Pesado,NO REGISTRA,FURGON,DISTRACCION DEL CONDUCTOR
BOGOTÁ,HINO,2019,31 a 60, Alto ,Fuerte,Pesado,BLANCO,FURGON,OBSTACULOS EN LA VIA
BOGOTÁ,SUZUKI,2018,61 a 120, Alto ,Fuerte,Liviano,GRIS,CAMPERO,DISTRACCION DEL CONDUCTOR
MEDELLÍN,CHEVROLET,2015,61 a 120, Alto ,Fuerte,Liviano,BLANCO,CAMIONETA PASAJEROS,OBSTACULOS EN LA VIA
BARRANQUILLA,NISSAN,2019,121 a 240, Alto ,Fuerte,Liviano,NEGRO,CAMPERO,OBSTACULOS EN LA VIA
BARRANQUILLA,SUZUKI,2019,121 a 240, Alto ,Fuerte,Liviano,PLATA,CAMIONETA PASAJEROS,VIOLACION DE NORMAS DE TRANSITO
CALI,CHEVROLET,2013,31 a 60, Alto ,Medio,Pesado,BLANCO,FURGON,OBSTACULOS EN LA VIA
BUCARAMANGA,INTERNATIONAL,2005,31 a 60, Alto ,Fuerte,Pesado,AMARILLO,REMOLCADOR,OBSTACULOS EN LA VIA
BUCARAMANGA,HINO,2016,61 a 120, Alto ,Medio,Pesado,BLANCO,CAMION,FALLA MECANICA
BOGOTÁ,HINO,2016,31 a 60, Alto ,Fuerte,Pesado,BLANCO,CAMION,DISTRACCION DEL CONDUCTOR
BOGOTÁ,KENWORTH,2012,16 a 30, Alto ,Medio,Pesado,VERDE,REMOLCADOR,DISTRACCION DEL CONDUCTOR
BOGOTÁ,SCANIA,2020,61 a 120, Alto ,Leve,Pesado,BLANCO,CHASIS,DISTRACCION DEL CONDUCTOR
BOGOTÁ,RENAULT,2020,121 a 240, Alto ,Fuerte,Liviano,BLANCO,PICKUP DOBLE CABINA,DISTRACCION DEL CONDUCTOR
CALI,KIA,2014,121 a 240, Alto ,Fuerte,Liviano,AZUL,AUTOMOVIL,OBSTACULOS EN LA VIA
BOGOTÁ,FREIGHTLINER,2012,16 a 30, Alto ,Medio,Pesado,BLANCO,REMOLCADOR,OBSTACULOS EN LA VIA
BARRANQUILLA,BMW,2017,121 a 240, Alto ,Medio,Liviano,AZUL,CAMPERO,DISTRACCION DEL CONDUCTOR
BOGOTÁ,NISSAN,2020,31 a 60, Alto ,Fuerte,Liviano,BLANCO,PICKUP DOBLE CABINA,EXCESO DE VELOCIDAD
PEREIRA,CHEVROLET,2012,61 a 120, Alto ,Fuerte,Pesado,BLANCO,CAMION,OBSTACULOS EN LA VIA
PEREIRA,AUDI,2010,61 a 120, Alto ,Fuerte,Liviano,PLATA,AUTOMOVIL,DISTRACCION DEL CONDUCTOR
MANIZALES,RENAULT,2013,31 a 60, Alto ,Fuerte,Liviano,NO REGISTRA,CAMIONETA PASAJEROS,EXCESO DE VELOCIDAD
MEDELLÍN,MERCEDES BENZ,2012,121 a 240, Alto ,Fuerte,Liviano,PLATA,AUTOMOVIL,DISTRACCION DEL CONDUCTOR
BOGOTÁ,NISSAN,2018,16 a 30, Alto ,Fuerte,Liviano,AZUL,PICKUP DOBLE CABINA,DISTRACCION DEL CONDUCTOR
BOGOTÁ,CHEVROLET,2017,16 a 30, Alto ,Fuerte,Liviano,NO REGISTRA,CAMIONETA PASAJEROS,OBSTACULOS EN LA VIA
BARRANQUILLA,NISSAN,2015,61 a 120, Alto ,Leve,Liviano,PLATA,PICKUP DOBLE CABINA,OBSTACULOS EN LA VIA
MEDELLÍN,KENWORTH,2006,31 a 60, Alto ,Medio,Pesado,BLANCO,REMOLCADOR,FALLA MECANICA
BOGOTÁ,HONDA,2008,61 a 120, Alto ,Medio,Liviano,PLATA,CAMPERO,OBSTACULOS EN LA VIA
BUCARAMANGA,FUSO          ,2017,61 a 120, Alto ,Fuerte,Pesado,BLANCO,CAMION,OBSTACULOS EN LA VIA
BUCARAMANGA,VOLVO,2019,61 a 120, Alto ,Fuerte,Liviano,PLATA,CAMIONETA PASAJEROS,ASONADA, MOTIN, HUELGA
CALI,CHEVROLET,2019,0 a 15, Alto ,Fuerte,Liviano,GRIS,CAMIONETA PASAJEROS,DISTRACCION DEL CONDUCTOR
CALI,JAC           ,2015,31 a 60, Alto ,Leve,Pesado,BLANCO,FURGON,FALLA MECANICA
MEDELLÍN,INTERNATIONAL,2012,61 a 120, Alto ,Fuerte,Pesado,AZUL,REMOLCADOR,OBSTACULOS EN LA VIA
MEDELLÍN,VOLKSWAGEN,2020,31 a 60, Alto ,Fuerte,Liviano,BLANCO,PICKUP SENCILLA,DISTRACCION DEL CONDUCTOR
MEDELLÍN,CHEVROLET,2012,61 a 120, Alto ,Fuerte,Pesado,BLANCO,CAMION,DISTRACCION DEL CONDUCTOR
CALI,MITSUBISHI,2019,61 a 120, Alto ,Fuerte,Liviano,PLATA,CAMIONETA PASAJEROS,DISTRACCION DEL CONDUCTOR
MEDELLÍN,CHEVROLET,2014,121 a 240, Alto ,Fuerte,Liviano,BLANCO,CAMIONETA PASAJEROS,DISTRACCION DEL CONDUCTOR
BOGOTÁ,HINO,2018,61 a 120, Alto ,Leve,Pesado,BLANCO,CAMION,OBSTACULOS EN LA VIA
BUCARAMANGA,KENWORTH,2015,31 a 60, Alto ,Medio,Pesado,VERDE,REMOLCADOR,FALLA MECANICA
BARRANQUILLA,CHEVROLET,2017,31 a 60, Alto ,Medio,Pesado,BLANCO,FURGON,DISTRACCION DEL CONDUCTOR
BOGOTÁ,HINO,2019,61 a 120, Alto ,Leve,Pesado,BLANCO,CHASIS,OBSTACULOS EN LA VIA
BOGOTÁ,KENWORTH,2012,31 a 60, Alto ,Medio,Pesado,BLANCO,VOLQUETA,OBSTACULOS EN LA VIA
MEDELLÍN,VOLKSWAGEN,2020,61 a 120, Alto ,Medio,Liviano,GRIS,AUTOMOVIL,ENCONTRADO DAÑADO
BOGOTÁ,HINO,2020,121 a 240, Alto ,Medio,Pesado,BLANCO,FURGON,DISTRACCION DEL CONDUCTOR
BOGOTÁ,BMW,2014,121 a 240, Alto ,Fuerte,Liviano,ROJO,AUTOMOVIL,OBSTACULOS EN LA VIA
MEDELLÍN,AUDI,2013,61 a 120, Alto ,Leve,Liviano,BLANCO,CAMIONETA PASAJEROS,OBSTACULOS EN LA VIA
BOGOTÁ,KENWORTH,2013,61 a 120, Alto ,Medio,Pesado,AZUL,REMOLCADOR,DISTRACCION DEL CONDUCTOR
BOGOTÁ,NISSAN,2018,61 a 120, Alto ,Fuerte,Liviano,ROJO,CAMIONETA PASAJEROS,DISTRACCION DEL CONDUCTOR
BOGOTÁ,NISSAN,2011,61 a 120, Alto ,Leve,Liviano,ROJO,AUTOMOVIL,FALLA MECANICA
PEREIRA,VOLKSWAGEN,2014,61 a 120, Alto ,Medio,Liviano,GRIS,CAMIONETA PASAJEROS,EXCESO DE VELOCIDAD
BOGOTÁ,INTERNATIONAL,2008,61 a 120, Alto ,Medio,Pesado,PLATA,CAMPERO,DISTRACCION DEL CONDUCTOR
BOGOTÁ,HYUNDAI,2015,61 a 120, Alto ,Medio,Liviano,BLANCO,CAMION,DISTRACCION DEL CONDUCTOR
BOGOTÁ,INTERNATIONAL,2011,16 a 30, Alto ,Leve,Pesado,AZUL,AUTOMOVIL,EXCESO DE VELOCIDAD
BOGOTÁ,FREIGHTLINER,2008,61 a 120, Alto ,Medio,Pesado,ROJO,CAMION,OBSTACULOS EN LA VIA
MEDELLÍN,CHEVROLET,2012,61 a 120, Alto ,Fuerte,Pesado,BLANCO,AUTOMOVIL,OBSTACULOS EN LA VIA
CALI,CHEVROLET,2015,61 a 120, Alto ,Fuerte,Pesado,BLANCO,FURGON,DISTRACCION DEL CONDUCTOR
CALI,CHEVROLET,2020,61 a 120, Alto ,Fuerte,Pesado,BLANCO,FURGON,OBSTACULOS EN LA VIA
BOGOTÁ,KIA,2017,61 a 120, Alto ,Leve,Liviano,GRIS,CAMIONETA PASAJEROS,ENCONTRADO DAÑADO
BOGOTÁ,CHEVROLET,2013,31 a 60, Alto ,Medio,Pesado,NO REGISTRA,FURGON,DISTRACCION DEL CONDUCTOR
BUCARAMANGA,KENWORTH,2012,31 a 60, Alto ,Medio,Pesado,AZUL,REMOLCADOR,DISTRACCION DEL CONDUCTOR
BUCARAMANGA,KENWORTH,2015,61 a 120, Alto ,Medio,Pesado,AMARILLO,REMOLCADOR,VIOLACION DE NORMAS DE TRANSITO
BOGOTÁ,HINO,2019,61 a 120, Alto ,Leve,Pesado,BLANCO,CAMION,OBSTACULOS EN LA VIA
MEDELLÍN,KENWORTH,2012,0 a 15, Alto ,Medio,Pesado,VERDE,REMOLCADOR,FALLA MECANICA
MANIZALES,KIA,2019,61 a 120, Alto ,Fuerte,Liviano,PLATA,AUTOMOVIL,DISTRACCION DEL CONDUCTOR
BOGOTÁ,CHEVROLET,2018,61 a 120, Alto ,Fuerte,Liviano,BLANCO,CAMIONETA PASAJEROS,DISTRACCION DEL CONDUCTOR
BOGOTÁ,CHEVROLET,2014,61 a 120, Alto ,Fuerte,Pesado,BLANCO,CAMION,OBSTACULOS EN LA VIA
MEDELLÍN,KENWORTH,2013,16 a 30, Alto ,Medio,Pesado,ROJO,REMOLCADOR,OBSTACULOS EN LA VIA
BARRANQUILLA,KENWORTH,2011,31 a 60, Alto ,Medio,Pesado,AZUL,REMOLCADOR,EXCESO DE VELOCIDAD
PEREIRA,CHEVROLET,2013,31 a 60, Alto ,Medio,Pesado,BLANCO,CAMION,OBSTACULOS EN LA VIA
CALI,CHEVROLET,2008,31 a 60, Alto ,Medio,Pesado,GRIS,CAMPERO,DISTRACCION DEL CONDUCTOR
BOGOTÁ,CHEVROLET,2011,31 a 60, Alto ,Medio,Pesado,GRIS,CAMIONETA PASAJEROS,ENCONTRADO DAÑADO
MANIZALES,NISSAN,2018,16 a 30, Alto ,Leve,Liviano,BLANCO,CAMIONETA PASAJEROS,DISTRACCION DEL CONDUCTOR
BOGOTÁ,FORD,2019,31 a 60, Alto ,Fuerte,Liviano,GRIS,CAMPERO,ASONADA, MOTIN, HUELGA
MEDELLÍN,CHEVROLET,2015,31 a 60, Alto ,Fuerte,Liviano,BEIGE,PICKUP DOBLE CABINA,OBSTACULOS EN LA VIA
BOGOTÁ,BMW,2015,31 a 60, Alto ,Fuerte,Liviano,NEGRO,AUTOMOVIL,OBSTACULOS EN LA VIA
MEDELLÍN,HINO,2014,31 a 60, Alto ,Leve,Pesado,BLANCO,CAMION,OBSTACULOS EN LA VIA
MEDELLÍN,MAZDA,2010,31 a 60, Alto ,Fuerte,Liviano,BLANCO,AUTOMOVIL,OBSTACULOS EN LA VIA
PEREIRA,RENAULT,2016,31 a 60, Alto ,Medio,Liviano,GRIS,AUTOMOVIL,OBSTACULOS EN LA VIA
BOGOTÁ,FREIGHTLINER,2008,16 a 30, Alto ,Medio,Pesado,VERDE,REMOLCADOR,OBSTACULOS EN LA VIA
BOGOTÁ,MERCEDES BENZ,2013,31 a 60, Alto ,Fuerte,Liviano,GRIS,AUTOMOVIL,DISTRACCION DEL CONDUCTOR
BOGOTÁ,FREIGHTLINER,2013,16 a 30, Alto ,Medio,Pesado,BLANCO,REMOLCADOR,OBSTACULOS EN LA VIA
BARRANQUILLA,FORD,2016,31 a 60, Alto ,Medio,Liviano,ROJO,AUTOMOVIL,OBSTACULOS EN LA VIA
MEDELLÍN,KENWORTH,2014,16 a 30, Alto ,Leve,Pesado,AZUL,REMOLCADOR,DISTRACCION DEL CONDUCTOR
BUCARAMANGA,TOYOTA,2014,31 a 60, Alto ,Fuerte,Liviano,SUPER,CAMPERO,DISTRACCION DEL CONDUCTOR
BOGOTÁ,TOYOTA,2012,31 a 60, Alto ,Fuerte,Liviano,GRIS,CAMIONETA PASAJEROS,FALLA MECANICA
BOGOTÁ,AUDI,2012,16 a 30, Alto ,Medio,Liviano,AZUL,AUTOMOVIL,OBSTACULOS EN LA VIA
BUCARAMANGA,KIA,2015,16 a 30, Alto ,Fuerte,Liviano,AZUL,CAMIONETA PASAJEROS,DISTRACCION DEL CONDUCTOR
BUCARAMANGA,OTROS,2007,0 a 15, Alto ,Leve,Liviano,AMARILLO,REMOLCADOR,EXCESO DE VELOCIDAD
BOGOTÁ,SCANIA,2021,31 a 60, Alto ,Fuerte,Pesado,AZUL,TRACTOCAMION,DISTRACCION DEL CONDUCTOR
MEDELLÍN,INTERNATIONAL,2007,31 a 60, Alto ,Fuerte,Pesado,AMARILLO,REMOLCADOR,EXCESO DE VELOCIDAD
BOGOTÁ,OTROS,2013,31 a 60, Alto ,Fuerte,Pesado,AMARILLO,REMOLCADOR,DISTRACCION DEL CONDUCTOR
BOGOTÁ,OTROS,2020,31 a 60, Alto ,Fuerte,Liviano,AMARILLO,REMOLCADOR,DISTRACCION DEL CONDUCTOR
BOGOTÁ,INTERNATIONAL,2013,31 a 60, Alto ,Medio,Pesado,ROJO,REMOLCADOR,OBSTACULOS EN LA VIA
BOGOTÁ,KENWORTH,2012,31 a 60, Alto ,Fuerte,Pesado,NARANJA,REMOLCADOR,DISTRACCION DEL CONDUCTOR
BOGOTÁ,KENWORTH,2007,31 a 60, Alto ,Fuerte,Pesado,VERDE,REMOLCADOR,DISTRACCION DEL CONDUCTOR
BOGOTÁ,KIA,2021,31 a 60, Alto ,Fuerte,Liviano,GRIS,CAMIONETA PASAJEROS,OBSTACULOS EN LA VIA
BOGOTÁ,HINO,2022,31 a 60, Alto ,Fuerte,Pesado,BLANCO,CAMION,VIOLACION DE NORMAS DE TRANSITO
BOGOTÁ,HONDA,2019,31 a 60, Alto ,Medio,Liviano,ACERO,CAMIONETA PASAJEROS,DISTRACCION DEL CONDUCTOR
BOGOTÁ,INTERNATIONAL,2008,31 a 60, Alto ,Fuerte,Pesado,VERDE,REMOLCADOR,OBSTACULOS EN LA VIA
BUCARAMANGA,TOYOTA,2012,31 a 60, Alto ,Medio,Liviano,BLANCO,CAMPERO,OBSTACULOS EN LA VIA
BOGOTÁ,CHEVROLET,2012,31 a 60, Alto ,Fuerte,Pesado,BLANCO,CAMION,DISTRACCION DEL CONDUCTOR
BARRANQUILLA,KENWORTH,2003,31 a 60, Alto ,Fuerte,Pesado,VERDE,REMOLCADOR,FALLA MECANICA
BOGOTÁ,KENWORTH,2013,31 a 60, Alto ,Fuerte,Pesado,NARANJA,REMOLCADOR,OBSTACULOS EN LA VIA
MANIZALES,MAZDA,2020,31 a 60, Alto ,Fuerte,Liviano,ROJO,AUTOMOVIL,DISTRACCION DEL CONDUCTOR
BOGOTÁ,CHEVROLET,2021,31 a 60, Alto ,Fuerte,Pesado,BLANCO,CAMION,OBSTACULOS EN LA VIA
MEDELLÍN,CHEVROLET,2018,31 a 60, Alto ,Fuerte,Liviano,GRIS,CAMIONETA PASAJEROS,DISTRACCION DEL CONDUCTOR
BUCARAMANGA,INTERNATIONAL,2007,31 a 60, Alto ,Fuerte,Pesado,NARANJA,REMOLCADOR,OBSTACULOS EN LA VIA
MEDELLÍN,CHEVROLET,2013,31 a 60, Alto ,Medio,Pesado,BLANCO,CAMION,DISTRACCION DEL CONDUCTOR
CALI,RENAULT,2018,31 a 60, Alto ,Medio,Liviano,GRIS,CAMPERO,FALLA MECANICA
MEDELLÍN,FREIGHTLINER,2015,31 a 60, Alto ,Fuerte,Pesado,PLATA,AUTOMOVIL,HURTO - HALADO
BARRANQUILLA,AUDI,2010,31 a 60, Alto ,Fuerte,Liviano,NEGRO,AUTOMOVIL,DISTRACCION DEL CONDUCTOR
MEDELLÍN,CHEVROLET,2015,31 a 60, Alto ,Leve,Pesado,BLANCO,FURGON,VIOLACION DE NORMAS DE TRANSITO
BOGOTÁ,INTERNATIONAL,2022,31 a 60, Alto ,Medio,Pesado,AMARILLO,TRACTOCAMION,OBSTACULOS EN LA VIA
BARRANQUILLA,KENWORTH,2007,31 a 60, Alto ,Fuerte,Pesado,VERDE,CARROTANQUE,DISTRACCION DEL CONDUCTOR
MEDELLÍN,CHEVROLET,2019,31 a 60, Alto ,Fuerte,Pesado,BLANCO,VOLQUETA,DISTRACCION DEL CONDUCTOR
CALI,KIA,2020,31 a 60, Alto ,Fuerte,Liviano,GRIS,AUTOMOVIL,VIOLACION DE NORMAS DE TRANSITO
MEDELLÍN,CHEVROLET,2009,31 a 60, Alto ,Fuerte,Pesado,AMARILLO,CAMION,OBSTACULOS EN LA VIA
BOGOTÁ,MACK,2014,31 a 60, Alto ,Fuerte,Pesado,NARANJA,REMOLCADOR,DISTRACCION DEL CONDUCTOR
BOGOTÁ,INTERNATIONAL,< 2003,31 a 60, Alto ,Fuerte,Pesado,AMARILLO,REMOLCADOR,OBSTACULOS EN LA VIA
BOGOTÁ,INTERNATIONAL,2006,31 a 60, Alto ,Fuerte,Pesado,BLANCO,REMOLCADOR,DISTRACCION DEL CONDUCTOR
CALI,INTERNATIONAL,2005,31 a 60, Alto ,Fuerte,Pesado,VERDE,REMOLCADOR,EXCESO DE VELOCIDAD
BOGOTÁ,BMW,2012,31 a 60, Alto ,Fuerte,Liviano,CAFE,CAMIONETA PASAJEROS,DISTRACCION DEL CONDUCTOR
BOGOTÁ,SEAT,2021,31 a 60, Alto ,Medio,Liviano,BLANCO,CAMPERO,DISTRACCION DEL CONDUCTOR
BOGOTÁ,FREIGHTLINER,2021,31 a 60, Alto ,Medio,Pesado,BLANCO,REMOLCADOR,OBSTACULOS EN LA VIA
BOGOTÁ,MAZDA,2020,31 a 60, Alto ,Fuerte,Liviano,BLANCO,CAMIONETA PASAJEROS,EXCESO DE VELOCIDAD
BOGOTÁ,TOYOTA,2021,31 a 60, Alto ,Fuerte,Liviano,BLANCO,AUTOMOVIL,DISTRACCION DEL CONDUCTOR
MANIZALES,KIA,2016,31 a 60, Alto ,Fuerte,Liviano,BLANCO,AUTOMOVIL,ENCONTRADO DAÑADO
PEREIRA,CHEVROLET,2022,31 a 60, Alto ,Fuerte,Pesado,BLANCO,CAMION,FALLA MECANICA
CALI,CHEVROLET,2021,31 a 60, Alto ,Fuerte,Pesado,BLANCO,FURGON,OBSTACULOS EN LA VIA
MEDELLÍN,KIA,2015,31 a 60, Alto ,Fuerte,Liviano,PLATA,CAMIONETA PASAJEROS,FALLA MECANICA
PEREIRA,NISSAN,2016,31 a 60, Alto ,Fuerte,Liviano,BLANCO,PICKUP DOBLE CABINA,OBSTACULOS EN LA VIA
BARRANQUILLA,INTERNATIONAL,2007,31 a 60, Alto ,Fuerte,Pesado,AZUL,REMOLCADOR,OBSTACULOS EN LA VIA
BOGOTÁ,NISSAN,2015,31 a 60, Alto ,Fuerte,Liviano,PLATA,PICKUP SENCILLA,DISTRACCION DEL CONDUCTOR
BOGOTÁ,HINO,2008,31 a 60, Alto ,Medio,Pesado,ROJO,AUTOMOVIL,DISTRACCION DEL CONDUCTOR
BOGOTÁ,CHEVROLET,2020,31 a 60, Alto ,Fuerte,Liviano,PLATA,CAMIONETA PASAJEROS,OBSTACULOS EN LA VIA
BOGOTÁ,FREIGHTLINER,2020,31 a 60, Alto ,Fuerte,Pesado,BLANCO,REMOLCADOR,OBSTACULOS EN LA VIA
BOGOTÁ,KENWORTH,2014,31 a 60, Alto ,Fuerte,Pesado,ROJO,VOLQUETA,DISTRACCION DEL CONDUCTOR
BOGOTÁ,RENAULT,2012,31 a 60, Alto ,Medio,Liviano,GRIS,CAMPERO,EXCESO DE VELOCIDAD
MEDELLÍN,CHEVROLET,2019,31 a 60, Alto ,Leve,Liviano,NO REGISTRA,CAMIONETA PASAJEROS,VIOLACION DE NORMAS DE TRANSITO
MEDELLÍN,CHEVROLET,2018,31 a 60, Alto ,Fuerte,Liviano,NO REGISTRA,AUTOMOVIL,OBSTACULOS EN LA VIA
BOGOTÁ,SCANIA,2020,31 a 60, Alto ,Fuerte,Pesado,BLANCO,CHASIS,VIOLACION DE NORMAS DE TRANSITO
BOGOTÁ,JEEP ,2020,31 a 60, Alto ,Fuerte,Liviano,GRIS,CAMIONETA PASAJEROS,ESTADO DE EMBRIAGUEZ
MEDELLÍN,HINO,2012,31 a 60, Alto ,Fuerte,Pesado,BLANCO,FURGON,ENCONTRADO DAÑADO
BOGOTÁ,HINO,2016,31 a 60, Alto ,Fuerte,Pesado,BLANCO,CAMION,OBSTACULOS EN LA VIA
MANIZALES,NISSAN,2019,31 a 60, Alto ,Fuerte,Liviano,GRIS,CAMIONETA PASAJEROS,VIOLACION DE NORMAS DE TRANSITO
BOGOTÁ,KENWORTH,2008,31 a 60, Alto ,Fuerte,Pesado,BLANCO,REMOLCADOR,DISTRACCION DEL CONDUCTOR
MEDELLÍN,CHEVROLET,2018,31 a 60, Alto ,Fuerte,Pesado,BLANCO,FURGON,DISTRACCION DEL CONDUCTOR
PEREIRA,JAC           ,2015,31 a 60, Alto ,Fuerte,Pesado,BLANCO,CAMION,DISTRACCION DEL CONDUCTOR
BOGOTÁ,JEEP ,2014,31 a 60, Alto ,Medio,Liviano,BLANCO,AUTOMOVIL,OBSTACULOS EN LA VIA
PEREIRA,CHEVROLET,2019,31 a 60, Alto ,Fuerte,Liviano,BLANCO,CAMPERO,DISTRACCION DEL CONDUCTOR
BOGOTÁ,INTERNATIONAL,2012,31 a 60, Alto ,Fuerte,Pesado,BLANCO,REMOLCADOR,OBSTACULOS EN LA VIA
BUCARAMANGA,KIA,2019,31 a 60, Alto ,Fuerte,Liviano,PLATA,CAMIONETA PASAJEROS,OBSTACULOS EN LA VIA
MEDELLÍN,FREIGHTLINER,2013,31 a 60, Alto ,Fuerte,Pesado,BLANCO,REMOLCADOR,DISTRACCION DEL CONDUCTOR
BOGOTÁ,TOYOTA,2021,31 a 60, Alto ,Medio,Liviano,ROJO,REMOLCADOR,OBSTACULOS EN LA VIA
BOGOTÁ,BMW,2019,31 a 60, Alto ,Fuerte,Liviano,GRIS,AUTOMOVIL,DISTRACCION DEL CONDUCTOR
BUCARAMANGA,CHEVROLET,2019,31 a 60, Alto ,Fuerte,Pesado,BLANCO,CAMION,OBSTACULOS EN LA VIA
BOGOTÁ,VOLKSWAGEN,2018,31 a 60, Alto ,Fuerte,Liviano,BLANCO,CAMIONETA PASAJEROS,VIOLACION DE NORMAS DE TRANSITO
BARRANQUILLA,HYUNDAI,2019,31 a 60, Alto ,Fuerte,Liviano,PLATA,CAMIONETA PASAJEROS,OBSTACULOS EN LA VIA
BOGOTÁ,KIA,2015,31 a 60, Alto ,Medio,Liviano,PLATA,AUTOMOVIL,DISTRACCION DEL CONDUCTOR
BOGOTÁ,HINO,2016,31 a 60, Alto ,Fuerte,Pesado,BEIGE,CAMIONETA PASAJEROS,VIOLACION DE NORMAS DE TRANSITO
PEREIRA,TOYOTA,2018,31 a 60, Alto ,Fuerte,Liviano,GRIS,CAMIONETA PASAJEROS,OBSTACULOS EN LA VIA
BOGOTÁ,JAC           ,2021,31 a 60, Alto ,Fuerte,Pesado,VERDE,PICKUP DOBLE CABINA,DISTRACCION DEL CONDUCTOR
BUCARAMANGA,INTERNATIONAL,2011,31 a 60, Alto ,Fuerte,Pesado,NARANJA,REMOLCADOR,DISTRACCION DEL CONDUCTOR
BUCARAMANGA,BMW,2021,31 a 60, Alto ,Fuerte,Liviano,BLANCO,CAMPERO,VIOLACION DE NORMAS DE TRANSITO
PEREIRA,HYUNDAI,2017,31 a 60, Alto ,Fuerte,Liviano,BLANCO,AUTOMOVIL,OBSTACULOS EN LA VIA
BARRANQUILLA,MAZDA,2020,31 a 60, Alto ,Fuerte,Liviano,BLANCO,AUTOMOVIL,DISTRACCION DEL CONDUCTOR
BOGOTÁ,FOTON         ,2021,31 a 60, Alto ,Fuerte,Pesado,AZUL,CAMION,VIOLACION DE NORMAS DE TRANSITO
PEREIRA,CHEVROLET,2016,31 a 60, Alto ,Fuerte,Liviano,GRIS,CAMPERO,OBSTACULOS EN LA VIA
BUCARAMANGA,FORD,2017,31 a 60, Alto ,Medio,Liviano,BLANCO,AUTOMOVIL,VIOLACION DE NORMAS DE TRANSITO
BOGOTÁ,MAZDA,2019,31 a 60, Alto ,Medio,Liviano,NO REGISTRA,AUTOMOVIL,DISTRACCION DEL CONDUCTOR
MEDELLÍN,SUZUKI,2013,31 a 60, Alto ,Fuerte,Liviano,PLATA,CAMPERO,OBSTACULOS EN LA VIA
MEDELLÍN,INTERNATIONAL,2013,31 a 60, Alto ,Fuerte,Pesado,ROJO,REMOLCADOR,OBSTACULOS EN LA VIA
BOGOTÁ,INTERNATIONAL,2012,31 a 60, Alto ,Fuerte,Pesado,AZUL,VOLQUETA,OBSTACULOS EN LA VIA
PEREIRA,HINO,2021,31 a 60, Alto ,Medio,Pesado,BLANCO,REMOLCADOR,VIOLACION DE NORMAS DE TRANSITO
MANIZALES,KIA,2020,31 a 60, Alto ,Medio,Liviano,BLANCO,AUTOMOVIL,DISTRACCION DEL CONDUCTOR
BOGOTÁ,KENWORTH,2012,31 a 60, Alto ,Medio,Pesado,AMARILLO,REMOLCADOR,VIOLACION DE NORMAS DE TRANSITO
BOGOTÁ,BMW,2017,31 a 60, Alto ,Medio,Liviano,BLANCO,CAMPERO,VIOLACION DE NORMAS DE TRANSITO
BARRANQUILLA,HONDA,2016,31 a 60, Alto ,Fuerte,Liviano,NO REGISTRA,CAMIONETA PASAJEROS,ASONADA, MOTIN, HUELGA
PEREIRA,MERCEDES BENZ,2019,31 a 60, Alto ,Medio,Liviano,BLANCO,CAMIONETA PASAJEROS,FALLA MECANICA
BUCARAMANGA,HINO,2015,31 a 60, Alto ,Fuerte,Pesado,BLANCO,FURGON,DISTRACCION DEL CONDUCTOR
CALI,BMW,2020,31 a 60, Alto ,Fuerte,Liviano,BLANCO,CAMION,OBSTACULOS EN LA VIA
BOGOTÁ,KIA,2013,31 a 60, Alto ,Fuerte,Liviano,GRIS,AUTOMOVIL,OBSTACULOS EN LA VIA
BOGOTÁ,CHEVROLET,2019,31 a 60, Alto ,Fuerte,Liviano,GRIS,AUTOMOVIL,ASONADA, MOTIN, HUELGA
MEDELLÍN,CHEVROLET,2020,31 a 60, Alto ,Fuerte,Liviano,GRIS,CAMIONETA PASAJEROS,OBSTACULOS EN LA VIA
CALI,MERCEDES BENZ,2008,31 a 60, Alto ,Medio,Liviano,GRIS,AUTOMOVIL,DISTRACCION DEL CONDUCTOR
MEDELLÍN,HYUNDAI,2011,31 a 60, Alto ,Leve,Pesado,BLANCO,CAMION,OBSTACULOS EN LA VIA
BOGOTÁ,INTERNATIONAL,2007,31 a 60, Alto ,Fuerte,Pesado,GRIS,CAMPERO,ENCONTRADO DAÑADO
BARRANQUILLA,RENAULT,2018,31 a 60, Alto ,Fuerte,Liviano,GRIS,CAMIONETA PASAJEROS,VIOLACION DE NORMAS DE TRANSITO
MEDELLÍN,TOYOTA,2013,31 a 60, Alto ,Medio,Liviano,BLANCO,CAMION,DISTRACCION DEL CONDUCTOR
BOGOTÁ,CHEVROLET,2019,31 a 60, Alto ,Fuerte,Liviano,GRIS,AUTOMOVIL,DISTRACCION DEL CONDUCTOR
BUCARAMANGA,INTERNATIONAL,2008,31 a 60, Alto ,Fuerte,Pesado,AMARILLO,REMOLCADOR,OBSTACULOS EN LA VIA
MANIZALES,AUDI,2020,31 a 60, Alto ,Leve,Liviano,BLANCO,CAMIONETA PASAJEROS,DISTRACCION DEL CONDUCTOR
BOGOTÁ,KENWORTH,2012,31 a 60, Alto ,Fuerte,Pesado,BEIGE,REMOLCADOR,OBSTACULOS EN LA VIA
BOGOTÁ,HYUNDAI,2012,31 a 60, Alto ,Leve,Liviano,NEGRO,CAMPERO,HURTO - ACCESORIOS Y/O PARTES
BOGOTÁ,VOLKSWAGEN,2019,31 a 60, Alto ,Fuerte,Liviano,BLANCO,CAMIONETA PASAJEROS,HURTO - HALADO
CALI,VOLKSWAGEN,2019,31 a 60, Alto ,Fuerte,Liviano,GRIS,AUTOMOVIL,FALLA MECANICA
BUCARAMANGA,AUDI,2021,31 a 60, Alto ,Fuerte,Liviano,BLANCO,CAMPERO,OBSTACULOS EN LA VIA
MEDELLÍN,CHEVROLET,2015,31 a 60, Alto ,Fuerte,Liviano,GRIS,CAMIONETA PASAJEROS,DISTRACCION DEL CONDUCTOR
BOGOTÁ,CHEVROLET,2019,31 a 60, Alto ,Fuerte,Liviano,ROJO,AUTOMOVIL,VIOLACION DE NORMAS DE TRANSITO
BUCARAMANGA,MERCEDES BENZ,2019,31 a 60, Alto ,Fuerte,Pesado,BLANCO,CAMION,DISTRACCION DEL CONDUCTOR
BUCARAMANGA,RENAULT,2020,31 a 60, Alto ,Fuerte,Liviano,NEGRO,REMOLCADOR,VIOLACION DE NORMAS DE TRANSITO
BOGOTÁ,FREIGHTLINER,2009,31 a 60, Alto ,Fuerte,Pesado,NARANJA,CARROTANQUE,DISTRACCION DEL CONDUCTOR
MEDELLÍN,FORD,2013,31 a 60, Alto ,Medio,Liviano,BLANCO,CAMPERO,EXCESO DE VELOCIDAD
MEDELLÍN,BMW,2020,31 a 60, Alto ,Medio,Liviano,GRIS,AUTOMOVIL,DISTRACCION DEL CONDUCTOR
MEDELLÍN,RENAULT,2018,31 a 60, Alto ,Fuerte,Liviano,NEGRO,AUTOMOVIL,VIOLACION DE NORMAS DE TRANSITO
PEREIRA,VOLKSWAGEN,2009,31 a 60, Alto ,Medio,Liviano,PLATA,CAMPERO,OBSTACULOS EN LA VIA
BOGOTÁ,BMW,2006,31 a 60, Alto ,Medio,Liviano,VERDE,AUTOMOVIL,OBSTACULOS EN LA VIA
BOGOTÁ,CHEVROLET,2008,31 a 60, Alto ,Fuerte,Pesado,BLANCO,FURGON,VIOLACION DE NORMAS DE TRANSITO
MANIZALES,MAZDA,2018,31 a 60, Alto ,Fuerte,Liviano,TITANIO,PICKUP DOBLE CABINA,OBSTACULOS EN LA VIA
PEREIRA,BMW,2014,31 a 60, Alto ,Fuerte,Liviano,NEGRO,CAMPERO,OBSTACULOS EN LA VIA
MEDELLÍN,KIA,2014,31 a 60, Alto ,Fuerte,Liviano,GRIS,CAMIONETA PASAJEROS,VIOLACION DE NORMAS DE TRANSITO
PEREIRA,CHEVROLET,2021,31 a 60, Alto ,Fuerte,Pesado,BLANCO,CAMION,VIOLACION DE NORMAS DE TRANSITO
BUCARAMANGA,TOYOTA,2013,31 a 60, Alto ,Medio,Liviano,PLATEADO,CAMIONETA PASAJEROS,OBSTACULOS EN LA VIA
MEDELLÍN,MAZDA,2012,31 a 60, Alto ,Leve,Liviano,BLANCO,AUTOMOVIL,FALLA MECANICA
BOGOTÁ,MERCEDES BENZ,2019,31 a 60, Alto ,Fuerte,Liviano,BLANCO,AUTOMOVIL,OBSTACULOS EN LA VIA
MEDELLÍN,MAZDA,2019,31 a 60, Alto ,Fuerte,Liviano,PLATA,AUTOMOVIL,OBSTACULOS EN LA VIA
BOGOTÁ,HINO,2013,31 a 60, Alto ,Medio,Pesado,NO REGISTRA,CAMION,DISTRACCION DEL CONDUCTOR
MEDELLÍN,OTROS,< 2003,31 a 60, Alto ,Fuerte,Pesado,ROJO,CAMION,EXCESO DE VELOCIDAD
BOGOTÁ,BMW,2010,31 a 60, Alto ,Medio,Liviano,NEGRO,AUTOMOVIL,OBSTACULOS EN LA VIA
BOGOTÁ,CHEVROLET,< 2003,31 a 60, Alto ,Fuerte,Pesado,ROJO,REMOLCADOR,OBSTACULOS EN LA VIA
BUCARAMANGA,KENWORTH,2012,31 a 60, Alto ,Medio,Pesado,VERDE,REMOLCADOR,OBSTACULOS EN LA VIA
BARRANQUILLA,AUDI,2015,31 a 60, Alto ,Fuerte,Liviano,AZUL,AUTOMOVIL,DISTRACCION DEL CONDUCTOR
MEDELLÍN,CHEVROLET,2019,31 a 60, Alto ,Leve,Pesado,BLANCO,FURGON,DISTRACCION DEL CONDUCTOR
CALI,KIA,2020,31 a 60, Alto ,Fuerte,Liviano,PLATA,AUTOMOVIL,EXCESO DE VELOCIDAD
PEREIRA,KIA,2020,31 a 60, Alto ,Fuerte,Liviano,BLANCO,AUTOMOVIL,OBSTACULOS EN LA VIA
